catalogue_id,status,block,metric,n_models,blind_ids,near_duplicate_count,block_recurrence_count,metric_recurrence_count,source_type_recurrence_count,near_duplicate_ids
C0091,headline,values_owned,euclidean,3,M058;M059;M083,16,4,2,4,C0091;C0094;C0095;C0102;C0104;C0566;C1195;C1295;C1360;C1361;C1382;C1604;C1751;F0004;F0005;F0035
C0095,headline,values_owned,euclidean,3,M058;M059;M083,16,4,2,4,C0091;C0094;C0095;C0102;C0104;C0566;C1195;C1295;C1360;C1361;C1382;C1604;C1751;F0004;F0005;F0035
C0098,headline,values_owned,euclidean,5,M058;M059;M060;M082;M083,17,4,2,4,C0094;C0098;C0102;C1295;C1337;C1360;C1361;C1382;C1447;C1448;C1484;C1650;C1707;F0004;F0005;F0022;F0035
C0104,headline,values_owned,euclidean,3,M058;M059;M083,16,4,2,4,C0091;C0094;C0095;C0102;C0104;C0566;C1195;C1295;C1360;C1361;C1382;C1604;C1751;F0004;F0005;F0035
C1195,support,values_owned,euclidean,3,M058;M059;M083,16,4,2,4,C0091;C0094;C0095;C0102;C0104;C0566;C1195;C1295;C1360;C1361;C1382;C1604;C1751;F0004;F0005;F0035
C1337,support,values_owned,euclidean,5,M058;M059;M060;M082;M083,17,4,2,4,C0094;C0098;C0102;C1295;C1337;C1360;C1361;C1382;C1447;C1448;C1484;C1650;C1707;F0004;F0005;F0022;F0035
C1548,support_watch,values_owned,euclidean,3,M059;M060;M083,11,4,2,3,C1360;C1484;C1548;C1698;C1731;C1764;C1785;F0004;F0005;F0035;F0049
C1604,support_watch,posture,euclidean,3,M058;M059;M083,16,4,2,4,C0091;C0094;C0095;C0102;C0104;C0566;C1195;C1295;C1360;C1361;C1382;C1604;C1751;F0004;F0005;F0035
C1698,watchlist,values_wishes,euclidean,3,M059;M060;M083,11,4,2,3,C1360;C1484;C1548;C1698;C1731;C1764;C1785;F0004;F0005;F0035;F0049
C1731,support_watch,values_wishes,euclidean,3,M059;M060;M083,11,4,2,3,C1360;C1484;C1548;C1698;C1731;C1764;C1785;F0004;F0005;F0035;F0049
C1751,watchlist,posture,euclidean,3,M058;M059;M083,16,4,2,4,C0091;C0094;C0095;C0102;C0104;C0566;C1195;C1295;C1360;C1361;C1382;C1604;C1751;F0004;F0005;F0035
C1785,watchlist,values_wishes,euclidean,3,M059;M060;M083,11,4,2,3,C1360;C1484;C1548;C1698;C1731;C1764;C1785;F0004;F0005;F0035;F0049
F0022,feature_flag,values_owned,single_feature,5,M082;M060;M083;M059;M058,17,4,2,4,C0094;C0098;C0102;C1295;C1337;C1360;C1361;C1382;C1447;C1448;C1484;C1650;C1707;F0004;F0005;F0022;F0035
F0049,feature_flag,values_owned,single_feature,3,M083;M059;M060,11,4,2,3,C1360;C1484;C1548;C1698;C1731;C1764;C1785;F0004;F0005;F0035;F0049
F0075,feature_flag,posture,single_feature,4,M057;M081;M056;M058,9,4,2,3,C0014;C0015;C0016;C0017;C0363;C1097;C1697;F0066;F0075
C0056,headline,values_owned,euclidean,6,M071;M072;M073;M074;M079;M080,21,4,1,2,C0056;C0057;C0058;C0059;C0356;C0360;C0361;C0362;C0682;C0734;C0748;C0760;C0805;C0806;C0809;C0810;C0811;C0812;C0814;C0884;C1171
C0057,headline,values_owned,euclidean,6,M071;M072;M073;M074;M079;M080,21,4,1,2,C0056;C0057;C0058;C0059;C0356;C0360;C0361;C0362;C0682;C0734;C0748;C0760;C0805;C0806;C0809;C0810;C0811;C0812;C0814;C0884;C1171
C0058,headline,values_owned,euclidean,6,M071;M072;M073;M074;M079;M080,21,4,1,2,C0056;C0057;C0058;C0059;C0356;C0360;C0361;C0362;C0682;C0734;C0748;C0760;C0805;C0806;C0809;C0810;C0811;C0812;C0814;C0884;C1171
C0059,headline,values_owned,euclidean,6,M071;M072;M073;M074;M079;M080,21,4,1,2,C0056;C0057;C0058;C0059;C0356;C0360;C0361;C0362;C0682;C0734;C0748;C0760;C0805;C0806;C0809;C0810;C0811;C0812;C0814;C0884;C1171
C0682,support,values_disclosure,euclidean,8,M071;M072;M073;M074;M076;M077;M079;M080,29,4,1,3,C0036;C0037;C0038;C0039;C0040;C0056;C0057;C0058;C0059;C0322;C0579;C0580;C0595;C0596;C0597;C0598;C0682;C0683;C0684;C0725;C0727;C0728;C0799;C0801;C0809;C0810;C0812;C0883;C1171
C0809,support,values_owned,euclidean,8,M071;M072;M073;M074;M076;M077;M079;M080,29,4,1,3,C0036;C0037;C0038;C0039;C0040;C0056;C0057;C0058;C0059;C0322;C0579;C0580;C0595;C0596;C0597;C0598;C0682;C0683;C0684;C0725;C0727;C0728;C0799;C0801;C0809;C0810;C0812;C0883;C1171
C0810,support,values_owned,euclidean,7,M071;M072;M073;M074;M076;M079;M080,38,4,1,3,C0036;C0037;C0038;C0039;C0040;C0056;C0057;C0058;C0059;C0319;C0322;C0361;C0579;C0595;C0596;C0597;C0682;C0683;C0725;C0728;C0732;C0744;C0746;C0758;C0799;C0801;C0805;C0809;C0810;C0811;C0812;C0814;C0855;C0878;C0883;C1065;C1170;C1171
C0812,support,values_owned,euclidean,6,M071;M072;M073;M074;M079;M080,21,4,1,2,C0056;C0057;C0058;C0059;C0356;C0360;C0361;C0362;C0682;C0734;C0748;C0760;C0805;C0806;C0809;C0810;C0811;C0812;C0814;C0884;C1171
F0094,feature_flag,values_disclosure,single_feature,6,M029;M039;M028;M007;M032;M033,5,4,1,1,F0057;F0080;F0081;F0082;F0094
C0014,headline,posture,euclidean,3,M056;M057;M081,27,3,2,4,C0014;C0015;C0016;C0017;C0097;C0101;C0354;C0363;C1273;C1358;C1359;C1449;C1450;C1600;C1601;C1642;C1654;C1669;C1697;C1712;C1722;C1730;C1759;C1762;F0052;F0066;F0075
C0015,headline,posture,euclidean,3,M056;M057;M081,27,3,2,4,C0014;C0015;C0016;C0017;C0097;C0101;C0354;C0363;C1273;C1358;C1359;C1449;C1450;C1600;C1601;C1642;C1654;C1669;C1697;C1712;C1722;C1730;C1759;C1762;F0052;F0066;F0075
C0016,headline,posture,euclidean,3,M056;M057;M081,27,3,2,4,C0014;C0015;C0016;C0017;C0097;C0101;C0354;C0363;C1273;C1358;C1359;C1449;C1450;C1600;C1601;C1642;C1654;C1669;C1697;C1712;C1722;C1730;C1759;C1762;F0052;F0066;F0075
C0017,headline,posture,euclidean,3,M056;M057;M081,27,3,2,4,C0014;C0015;C0016;C0017;C0097;C0101;C0354;C0363;C1273;C1358;C1359;C1449;C1450;C1600;C1601;C1642;C1654;C1669;C1697;C1712;C1722;C1730;C1759;C1762;F0052;F0066;F0075
C0094,headline,values_owned,euclidean,4,M058;M059;M082;M083,21,3,2,4,C0091;C0094;C0095;C0098;C0102;C0104;C1195;C1295;C1337;C1361;C1382;C1412;C1427;C1464;C1465;C1485;C1494;C1604;C1651;C1751;F0022
C0097,headline,values_owned,euclidean,4,M056;M057;M078;M081,19,3,2,4,C0014;C0015;C0016;C0017;C0097;C0101;C0363;C1273;C1320;C1358;C1359;C1449;C1450;C1451;C1513;C1697;C1771;F0052;F0066
C0101,headline,values_owned,euclidean,4,M056;M057;M078;M081,19,3,2,4,C0014;C0015;C0016;C0017;C0097;C0101;C0363;C1273;C1320;C1358;C1359;C1449;C1450;C1451;C1513;C1697;C1771;F0052;F0066
C0102,headline,values_owned,euclidean,4,M058;M059;M082;M083,21,3,2,4,C0091;C0094;C0095;C0098;C0102;C0104;C1195;C1295;C1337;C1361;C1382;C1412;C1427;C1464;C1465;C1485;C1494;C1604;C1651;C1751;F0022
C0354,support,posture,euclidean,4,M049;M056;M057;M081,10,3,2,4,C0014;C0015;C0016;C0017;C0065;C0349;C0354;C0363;C1697;F0066
C0363,support,posture,euclidean,3,M056;M057;M081,27,3,2,4,C0014;C0015;C0016;C0017;C0097;C0101;C0354;C0363;C1273;C1358;C1359;C1449;C1450;C1600;C1601;C1642;C1654;C1669;C1697;C1712;C1722;C1730;C1759;C1762;F0052;F0066;F0075
C1097,support,values_disclosure,euclidean,3,M056;M057;M058,4,3,2,2,C0671;C1097;C1767;F0075
C1273,support,values_owned,euclidean,4,M056;M057;M078;M081,19,3,2,4,C0014;C0015;C0016;C0017;C0097;C0101;C0363;C1273;C1320;C1358;C1359;C1449;C1450;C1451;C1513;C1697;C1771;F0052;F0066
C1295,support,values_owned,euclidean,4,M058;M059;M082;M083,21,3,2,4,C0091;C0094;C0095;C0098;C0102;C0104;C1195;C1295;C1337;C1361;C1382;C1412;C1427;C1464;C1465;C1485;C1494;C1604;C1651;C1751;F0022
C1358,watchlist,values_owned,euclidean,4,M056;M057;M078;M081,19,3,2,4,C0014;C0015;C0016;C0017;C0097;C0101;C0363;C1273;C1320;C1358;C1359;C1449;C1450;C1451;C1513;C1697;C1771;F0052;F0066
C1359,watchlist,values_owned,euclidean,4,M056;M057;M078;M081,19,3,2,4,C0014;C0015;C0016;C0017;C0097;C0101;C0363;C1273;C1320;C1358;C1359;C1449;C1450;C1451;C1513;C1697;C1771;F0052;F0066
C1360,support_watch,values_owned,euclidean,4,M058;M059;M060;M083,18,3,2,4,C0091;C0095;C0098;C0104;C1195;C1337;C1360;C1548;C1604;C1698;C1731;C1751;C1785;F0004;F0005;F0022;F0035;F0049
C1361,watchlist,values_owned,euclidean,4,M058;M059;M082;M083,21,3,2,4,C0091;C0094;C0095;C0098;C0102;C0104;C1195;C1295;C1337;C1361;C1382;C1412;C1427;C1464;C1465;C1485;C1494;C1604;C1651;C1751;F0022
C1382,watchlist,values_owned,euclidean,4,M058;M059;M082;M083,21,3,2,4,C0091;C0094;C0095;C0098;C0102;C0104;C1195;C1295;C1337;C1361;C1382;C1412;C1427;C1464;C1465;C1485;C1494;C1604;C1651;C1751;F0022
C1449,watchlist,values_owned,euclidean,4,M056;M057;M078;M081,19,3,2,4,C0014;C0015;C0016;C0017;C0097;C0101;C0363;C1273;C1320;C1358;C1359;C1449;C1450;C1451;C1513;C1697;C1771;F0052;F0066
C1450,watchlist,values_owned,euclidean,4,M056;M057;M078;M081,19,3,2,4,C0014;C0015;C0016;C0017;C0097;C0101;C0363;C1273;C1320;C1358;C1359;C1449;C1450;C1451;C1513;C1697;C1771;F0052;F0066
C1484,support_watch,values_disclosure,euclidean,4,M059;M060;M082;M083,18,3,2,4,C0098;C1224;C1337;C1412;C1427;C1464;C1465;C1483;C1484;C1485;C1494;C1548;C1660;C1698;C1731;C1785;F0022;F0049
C1600,watchlist,values_wishes,euclidean,4,M034;M056;M057;M081,16,3,2,4,C0014;C0015;C0016;C0017;C0363;C1600;C1601;C1642;C1654;C1669;C1697;C1712;C1722;C1730;C1772;F0066
C1601,watchlist,values_wishes,euclidean,4,M034;M056;M057;M081,16,3,2,4,C0014;C0015;C0016;C0017;C0363;C1600;C1601;C1642;C1654;C1669;C1697;C1712;C1722;C1730;C1772;F0066
C1642,support_watch,values_wishes,euclidean,4,M034;M056;M057;M081,16,3,2,4,C0014;C0015;C0016;C0017;C0363;C1600;C1601;C1642;C1654;C1669;C1697;C1712;C1722;C1730;C1772;F0066
C1654,watchlist,values_wishes,euclidean,4,M034;M056;M057;M081,16,3,2,4,C0014;C0015;C0016;C0017;C0363;C1600;C1601;C1642;C1654;C1669;C1697;C1712;C1722;C1730;C1772;F0066
C1669,watchlist,values_wishes,euclidean,4,M034;M056;M057;M081,16,3,2,4,C0014;C0015;C0016;C0017;C0363;C1600;C1601;C1642;C1654;C1669;C1697;C1712;C1722;C1730;C1772;F0066
C1697,support_watch,values_wishes,euclidean,3,M056;M057;M081,27,3,2,4,C0014;C0015;C0016;C0017;C0097;C0101;C0354;C0363;C1273;C1358;C1359;C1449;C1450;C1600;C1601;C1642;C1654;C1669;C1697;C1712;C1722;C1730;C1759;C1762;F0052;F0066;F0075
C1712,watchlist,values_wishes,euclidean,4,M034;M056;M057;M081,16,3,2,4,C0014;C0015;C0016;C0017;C0363;C1600;C1601;C1642;C1654;C1669;C1697;C1712;C1722;C1730;C1772;F0066
C1722,watchlist,values_wishes,euclidean,4,M034;M056;M057;M081,16,3,2,4,C0014;C0015;C0016;C0017;C0363;C1600;C1601;C1642;C1654;C1669;C1697;C1712;C1722;C1730;C1772;F0066
C1730,watchlist,values_wishes,euclidean,4,M034;M056;M057;M081,16,3,2,4,C0014;C0015;C0016;C0017;C0363;C1600;C1601;C1642;C1654;C1669;C1697;C1712;C1722;C1730;C1772;F0066
C1759,support_watch,values_wishes,euclidean,4,M027;M056;M057;M081,9,3,2,3,C0014;C0015;C0016;C0017;C0363;C1697;C1759;C1772;F0066
C1762,support_watch,values_wishes,euclidean,4,M031;M056;M057;M081,9,3,2,3,C0014;C0015;C0016;C0017;C0363;C1697;C1761;C1762;F0066
F0004,feature_flag,posture,single_feature,4,M060;M059;M083;M058,18,3,2,4,C0091;C0095;C0098;C0104;C1195;C1337;C1360;C1548;C1604;C1698;C1731;C1751;C1785;F0004;F0005;F0022;F0035;F0049
F0005,feature_flag,values_wishes,single_feature,4,M060;M083;M058;M059,18,3,2,4,C0091;C0095;C0098;C0104;C1195;C1337;C1360;C1548;C1604;C1698;C1731;C1751;C1785;F0004;F0005;F0022;F0035;F0049
F0035,feature_flag,posture,single_feature,4,M060;M058;M083;M059,18,3,2,4,C0091;C0095;C0098;C0104;C1195;C1337;C1360;C1548;C1604;C1698;C1731;C1751;C1785;F0004;F0005;F0022;F0035;F0049
F0052,feature_flag,values_owned,single_feature,4,M078;M081;M056;M057,19,3,2,4,C0014;C0015;C0016;C0017;C0097;C0101;C0363;C1273;C1320;C1358;C1359;C1449;C1450;C1451;C1513;C1697;C1771;F0052;F0066
F0066,feature_flag,values_owned,single_feature,3,M056;M057;M081,27,3,2,4,C0014;C0015;C0016;C0017;C0097;C0101;C0354;C0363;C1273;C1358;C1359;C1449;C1450;C1600;C1601;C1642;C1654;C1669;C1697;C1712;C1722;C1730;C1759;C1762;F0052;F0066;F0075
F0076,feature_flag,posture,single_feature,10,M082;M045;M083;M044;M059;M056;M081;M043;M057;M058,9,3,2,2,C0562;C0659;C0660;C0662;F0030;F0037;F0076;F0085;F0089
F0089,feature_flag,posture,single_feature,10,M083;M082;M045;M059;M044;M056;M081;M043;M057;M058,9,3,2,2,C0562;C0659;C0660;C0662;F0030;F0037;F0076;F0085;F0089
C0322,support,posture,euclidean,9,M024;M055;M071;M072;M073;M074;M076;M079;M080,15,3,1,1,C0318;C0319;C0320;C0321;C0322;C0356;C0361;C0682;C0728;C0809;C0810;C0939;C1060;C1061;C1065
C0566,support,v1_markers,euclidean,4,M056;M058;M059;M083,12,3,1,3,C0032;C0091;C0095;C0104;C0563;C0566;C0981;C1195;C1216;C1253;C1604;C1751
C0595,support,values_disclosure,euclidean,10,M002;M015;M071;M072;M073;M074;M076;M077;M079;M080,22,3,1,3,C0036;C0037;C0038;C0039;C0040;C0579;C0580;C0595;C0596;C0597;C0598;C0599;C0682;C0683;C0688;C0689;C0725;C0799;C0801;C0809;C0810;C0825
C0688,support,values_owned,euclidean,10,M002;M015;M027;M071;M072;M073;M074;M076;M077;M079,14,3,1,3,C0036;C0037;C0038;C0039;C0040;C0595;C0596;C0597;C0688;C0689;C0690;C0698;C0801;C0825
C0727,support,values_owned,euclidean,9,M004;M024;M071;M072;M073;M074;M076;M077;M079,9,3,1,1,C0321;C0579;C0682;C0725;C0727;C0728;C0729;C0730;C0809
C0728,support,values_owned,euclidean,10,M004;M024;M071;M072;M073;M074;M076;M077;M079;M080,19,3,1,3,C0036;C0037;C0038;C0039;C0040;C0322;C0579;C0580;C0597;C0682;C0683;C0725;C0727;C0728;C0729;C0730;C0801;C0809;C0810
C0799,support,values_owned,euclidean,10,M015;M044;M071;M072;M073;M074;M076;M077;M079;M080,18,3,1,3,C0036;C0037;C0038;C0039;C0040;C0595;C0597;C0682;C0683;C0725;C0789;C0790;C0799;C0801;C0809;C0810;C0855;C0883
C0801,support,values_owned,euclidean,9,M015;M071;M072;M073;M074;M076;M077;M079;M080,21,3,1,3,C0036;C0037;C0038;C0039;C0040;C0579;C0595;C0596;C0597;C0598;C0682;C0683;C0688;C0725;C0728;C0789;C0799;C0801;C0809;C0810;C0855
C0825,support,values_wishes,euclidean,9,M002;M015;M043;M071;M072;M073;M074;M076;M077,8,3,1,1,C0595;C0688;C0789;C0821;C0823;C0824;C0825;C0829
C0883,support,values_wishes,euclidean,9,M043;M044;M071;M072;M073;M074;M076;M079;M080,15,3,1,1,C0682;C0789;C0799;C0809;C0810;C0830;C0837;C0853;C0855;C0877;C0878;C0879;C0883;C0884;C0885
C1170,support,posture,euclidean,5,M071;M072;M073;M074;M076,14,3,1,3,C0018;C0019;C0066;C0067;C0081;C0810;C0829;C0953;C1061;C1065;C1120;C1170;C1171;C1371
C1171,support,posture,euclidean,6,M071;M072;M073;M074;M076;M079,15,3,1,2,C0056;C0057;C0058;C0059;C0321;C0360;C0682;C0809;C0810;C0811;C0812;C1065;C1120;C1170;C1171
C1493,support_watch,values_disclosure,euclidean,4,M015;M047;M050;M052,7,3,1,1,C0316;C1144;C1416;C1441;C1493;C1745;C1808
C1527,support_watch,posture,euclidean,3,M004;M024;M052,4,3,1,1,C1165;C1333;C1527;C1561
C1561,support_watch,values_wishes,euclidean,4,M004;M024;M025;M052,5,3,1,1,C1194;C1468;C1527;C1561;C1588
C1594,support_watch,values_disclosure,euclidean,4,M011;M016;M022;M024,4,3,1,1,C1389;C1462;C1594;C1775
C1775,support_watch,values_owned,euclidean,5,M011;M013;M016;M022;M024,6,3,1,1,C1594;C1705;C1758;C1775;C1782;C1805
F0080,feature_flag,values_owned,single_feature,7,M029;M039;M028;M007;M032;M033;M041,4,3,1,1,F0080;F0081;F0082;F0094
F0081,feature_flag,posture,single_feature,7,M029;M039;M028;M007;M032;M033;M041,4,3,1,1,F0080;F0081;F0082;F0094
F0082,feature_flag,posture,single_feature,7,M029;M039;M028;M007;M032;M033;M041,4,3,1,1,F0080;F0081;F0082;F0094
C0011,headline,posture,euclidean,3,M034;M036;M037,10,2,2,4,C0011;C0063;C0064;C0076;C0077;C0080;C0339;C1057;C1064;F0091
C0063,headline,posture,euclidean,3,M034;M036;M037,10,2,2,4,C0011;C0063;C0064;C0076;C0077;C0080;C0339;C1057;C1064;F0091
C0064,headline,posture,euclidean,3,M034;M036;M037,10,2,2,4,C0011;C0063;C0064;C0076;C0077;C0080;C0339;C1057;C1064;F0091
C0076,headline,posture,euclidean,3,M034;M036;M037,10,2,2,4,C0011;C0063;C0064;C0076;C0077;C0080;C0339;C1057;C1064;F0091
C0077,headline,posture,euclidean,3,M034;M036;M037,10,2,2,4,C0011;C0063;C0064;C0076;C0077;C0080;C0339;C1057;C1064;F0091
C0080,headline,posture,euclidean,3,M034;M036;M037,10,2,2,4,C0011;C0063;C0064;C0076;C0077;C0080;C0339;C1057;C1064;F0091
C0339,support,posture,euclidean,3,M034;M036;M037,10,2,2,4,C0011;C0063;C0064;C0076;C0077;C0080;C0339;C1057;C1064;F0091
C0562,support,v1_markers,euclidean,7,M045;M056;M058;M059;M081;M082;M083,16,2,2,3,C0032;C0541;C0544;C0545;C0553;C0555;C0558;C0559;C0562;C0563;C0565;C0979;C0980;C0982;F0076;F0089
C0659,support,values_disclosure,euclidean,9,M043;M044;M045;M056;M057;M058;M059;M060;M081,18,2,2,4,C0046;C0047;C0048;C0049;C0050;C0051;C0656;C0659;C0660;C0661;C0662;C0667;F0030;F0032;F0037;F0076;F0085;F0089
C0660,support,values_disclosure,euclidean,10,M043;M044;M045;M056;M057;M058;M059;M060;M081;M082,17,2,2,4,C0046;C0047;C0048;C0049;C0050;C0051;C0656;C0659;C0660;C0661;C0662;C0667;F0030;F0037;F0076;F0085;F0089
C0662,support,values_disclosure,euclidean,7,M043;M044;M045;M056;M057;M058;M081,22,2,2,4,C0046;C0047;C0048;C0049;C0050;C0051;C0656;C0659;C0660;C0661;C0662;C0663;C0664;C0665;C0667;C0668;C0670;F0030;F0032;F0076;F0085;F0089
C1057,support,posture,euclidean,4,M011;M034;M036;M037,10,2,2,4,C0011;C0063;C0064;C0076;C0077;C0080;C0339;C0937;C1057;F0091
C1064,support,posture,euclidean,4,M034;M036;M037;M038,11,2,2,4,C0011;C0063;C0064;C0076;C0077;C0080;C0339;C0937;C1064;C1167;F0091
C1451,support_watch,values_owned,euclidean,5,M056;M057;M078;M081;M082,15,2,2,4,C0012;C0013;C0097;C0101;C0348;C1273;C1358;C1359;C1449;C1450;C1451;C1547;C1628;C1706;F0052
C1577,watchlist,values_wishes,euclidean,4,M030;M035;M037;M038,9,2,2,3,C1539;C1577;C1589;C1631;C1696;C1710;C1763;C1778;F0016
C1696,support_watch,values_wishes,euclidean,4,M030;M035;M037;M038,9,2,2,3,C1539;C1577;C1589;C1631;C1696;C1710;C1763;C1778;F0016
C1710,watchlist,values_wishes,euclidean,4,M030;M035;M037;M038,9,2,2,3,C1539;C1577;C1589;C1631;C1696;C1710;C1763;C1778;F0016
C1764,support_watch,values_wishes,euclidean,4,M046;M059;M060;M083,6,2,2,3,C1548;C1698;C1731;C1764;C1785;F0049
C1778,watchlist,values_wishes,euclidean,4,M030;M035;M037;M038,9,2,2,3,C1539;C1577;C1589;C1631;C1696;C1710;C1763;C1778;F0016
F0016,feature_flag,values_owned,single_feature,3,M038;M037;M030,5,2,2,3,C1577;C1696;C1710;C1778;F0016
F0030,feature_flag,values_disclosure,single_feature,9,M059;M045;M060;M044;M081;M043;M056;M057;M058,18,2,2,4,C0046;C0047;C0048;C0049;C0050;C0051;C0656;C0659;C0660;C0661;C0662;C0667;F0030;F0032;F0037;F0076;F0085;F0089
F0037,feature_flag,values_disclosure,single_feature,10,M043;M044;M056;M057;M058;M059;M060;M081;M082;M083,8,2,2,2,C0659;C0660;C0667;F0030;F0037;F0076;F0085;F0089
F0085,feature_flag,values_disclosure,single_feature,9,M043;M056;M057;M058;M081;M045;M044;M059;M060,18,2,2,4,C0046;C0047;C0048;C0049;C0050;C0051;C0656;C0659;C0660;C0661;C0662;C0667;F0030;F0032;F0037;F0076;F0085;F0089
F0091,feature_flag,values_disclosure,single_feature,3,M036;M034;M037,10,2,2,4,C0011;C0063;C0064;C0076;C0077;C0080;C0339;C1057;C1064;F0091
C0007,headline,posture,euclidean,5,M005;M007;M009;M010;M030,12,2,1,2,C0007;C0008;C0041;C0262;C0263;C0264;C0269;C0273;C0281;C0641;C0642;C0650
C0008,headline,posture,euclidean,5,M005;M007;M009;M010;M030,12,2,1,2,C0007;C0008;C0041;C0262;C0263;C0264;C0269;C0273;C0281;C0641;C0642;C0650
C0012,headline,posture,euclidean,7,M045;M049;M056;M057;M078;M081;M082,17,2,1,2,C0012;C0013;C0065;C0342;C0343;C0345;C0346;C0347;C0348;C0349;C0351;C0352;C0353;C0355;C0940;C0949;C1451
C0013,headline,posture,euclidean,7,M045;M049;M056;M057;M078;M081;M082,17,2,1,2,C0012;C0013;C0065;C0342;C0343;C0345;C0346;C0347;C0348;C0349;C0351;C0352;C0353;C0355;C0940;C0949;C1451
C0018,headline,posture,euclidean,4,M071;M072;M073;M074,13,2,1,3,C0018;C0019;C0066;C0067;C0081;C0364;C0808;C0811;C0951;C0953;C1170;C1245;C1372
C0019,headline,posture,euclidean,4,M071;M072;M073;M074,13,2,1,3,C0018;C0019;C0066;C0067;C0081;C0364;C0808;C0811;C0951;C0953;C1170;C1245;C1372
C0033,headline,v1_markers,euclidean,4,M077;M078;M081;M082,10,2,1,3,C0033;C0034;C0035;C0069;C0070;C0568;C0569;C0984;C1286;C1458
C0034,headline,v1_markers,euclidean,4,M077;M078;M081;M082,10,2,1,3,C0033;C0034;C0035;C0069;C0070;C0568;C0569;C0984;C1286;C1458
C0035,headline,v1_markers,euclidean,4,M077;M078;M081;M082,10,2,1,3,C0033;C0034;C0035;C0069;C0070;C0568;C0569;C0984;C1286;C1458
C0036,headline,values_disclosure,euclidean,9,M002;M071;M072;M073;M074;M076;M077;M079;M080,22,2,1,3,C0036;C0037;C0038;C0039;C0040;C0579;C0580;C0581;C0595;C0596;C0597;C0598;C0599;C0682;C0683;C0688;C0725;C0728;C0799;C0801;C0809;C0810
C0037,headline,values_disclosure,euclidean,9,M002;M071;M072;M073;M074;M076;M077;M079;M080,22,2,1,3,C0036;C0037;C0038;C0039;C0040;C0579;C0580;C0581;C0595;C0596;C0597;C0598;C0599;C0682;C0683;C0688;C0725;C0728;C0799;C0801;C0809;C0810
C0038,headline,values_disclosure,euclidean,9,M002;M071;M072;M073;M074;M076;M077;M079;M080,22,2,1,3,C0036;C0037;C0038;C0039;C0040;C0579;C0580;C0581;C0595;C0596;C0597;C0598;C0599;C0682;C0683;C0688;C0725;C0728;C0799;C0801;C0809;C0810
C0039,headline,values_disclosure,euclidean,9,M002;M071;M072;M073;M074;M076;M077;M079;M080,22,2,1,3,C0036;C0037;C0038;C0039;C0040;C0579;C0580;C0581;C0595;C0596;C0597;C0598;C0599;C0682;C0683;C0688;C0725;C0728;C0799;C0801;C0809;C0810
C0040,headline,values_disclosure,euclidean,9,M002;M071;M072;M073;M074;M076;M077;M079;M080,22,2,1,3,C0036;C0037;C0038;C0039;C0040;C0579;C0580;C0581;C0595;C0596;C0597;C0598;C0599;C0682;C0683;C0688;C0725;C0728;C0799;C0801;C0809;C0810
C0041,headline,values_disclosure,euclidean,7,M005;M007;M009;M010;M028;M030;M032,22,2,1,2,C0007;C0008;C0041;C0262;C0263;C0264;C0634;C0635;C0636;C0637;C0638;C0639;C0640;C0641;C0642;C0643;C0644;C0646;C0647;C0648;C0653;C0654
C0042,headline,values_disclosure,euclidean,3,M005;M010;M030,8,2,1,2,C0042;C0079;C0084;C0089;C0273;C0650;C0652;C1187
C0060,headline,posture,euclidean,3,M003;M012;M021,4,2,1,2,C0060;C0248;C0250;C1139
C0066,headline,posture,euclidean,4,M071;M072;M073;M074,13,2,1,3,C0018;C0019;C0066;C0067;C0081;C0364;C0808;C0811;C0951;C0953;C1170;C1245;C1372
C0067,headline,posture,euclidean,4,M071;M072;M073;M074,13,2,1,3,C0018;C0019;C0066;C0067;C0081;C0364;C0808;C0811;C0951;C0953;C1170;C1245;C1372
C0069,headline,v1_markers,euclidean,4,M077;M078;M081;M082,10,2,1,3,C0033;C0034;C0035;C0069;C0070;C0568;C0569;C0984;C1286;C1458
C0070,headline,v1_markers,euclidean,4,M077;M078;M081;M082,10,2,1,3,C0033;C0034;C0035;C0069;C0070;C0568;C0569;C0984;C1286;C1458
C0073,headline,values_owned,euclidean,4,M024;M025;M047;M052,4,2,1,2,C0073;C0092;C1194;C1588
C0079,headline,values_disclosure,euclidean,3,M005;M010;M030,8,2,1,2,C0042;C0079;C0084;C0089;C0273;C0650;C0652;C1187
C0081,headline,posture,euclidean,4,M071;M072;M073;M074,13,2,1,3,C0018;C0019;C0066;C0067;C0081;C0364;C0808;C0811;C0951;C0953;C1170;C1245;C1372
C0084,headline,values_disclosure,euclidean,3,M005;M010;M030,8,2,1,2,C0042;C0079;C0084;C0089;C0273;C0650;C0652;C1187
C0089,headline,values_disclosure,euclidean,3,M005;M010;M030,8,2,1,2,C0042;C0079;C0084;C0089;C0273;C0650;C0652;C1187
C0092,headline,values_owned,euclidean,4,M024;M025;M047;M052,4,2,1,2,C0073;C0092;C1194;C1588
C0141,support,freeflow_form,euclidean,5,M076;M077;M078;M079;M080,5,2,1,1,C0139;C0140;C0141;C0686;C1164
C0212,support,posture,euclidean,9,M003;M004;M015;M022;M024;M047;M050;M051;M077,5,2,1,1,C0149;C0212;C0705;C0925;C0926
C0214,support,posture,euclidean,10,M003;M011;M012;M015;M021;M034;M036;M037;M038;M040,13,2,1,1,C0213;C0214;C0215;C0216;C0217;C0218;C0220;C0221;C0223;C0616;C0626;C0927;C0929
C0215,support,posture,euclidean,8,M003;M011;M012;M015;M021;M036;M037;M038,10,2,1,1,C0213;C0214;C0215;C0216;C0217;C0220;C0221;C0222;C0625;C0927
C0216,support,posture,euclidean,8,M003;M011;M012;M021;M034;M036;M037;M038,18,2,1,1,C0213;C0214;C0215;C0216;C0217;C0218;C0219;C0220;C0221;C0222;C0223;C0293;C0617;C0625;C0927;C0929;C0933;C1054
C0217,support,posture,euclidean,9,M003;M011;M012;M021;M034;M036;M037;M038;M040,17,2,1,1,C0213;C0214;C0215;C0216;C0217;C0218;C0219;C0220;C0221;C0223;C0605;C0618;C0619;C0626;C0927;C0929;C1086
C0218,support,posture,euclidean,10,M003;M011;M012;M021;M034;M036;M037;M038;M040;M046,12,2,1,1,C0213;C0214;C0216;C0217;C0218;C0220;C0221;C0223;C0626;C0929;C1086;C1352
C0221,support,posture,euclidean,7,M003;M011;M012;M021;M036;M037;M038,18,2,1,1,C0213;C0214;C0215;C0216;C0217;C0218;C0219;C0220;C0221;C0222;C0223;C0605;C0625;C0626;C0927;C0928;C0929;C1140
C0222,support,posture,euclidean,6,M003;M011;M012;M021;M036;M038,6,2,1,1,C0215;C0216;C0221;C0222;C0625;C0928
C0248,support,posture,euclidean,3,M003;M012;M021,4,2,1,2,C0060;C0248;C0250;C1139
C0249,support,posture,euclidean,5,M003;M012;M021;M027;M035,5,2,1,1,C0240;C0242;C0249;C0250;C1139
C0261,support,posture,euclidean,10,M005;M007;M009;M010;M027;M030;M032;M054;M079;M080,9,2,1,1,C0261;C0264;C0265;C0266;C0267;C0268;C0270;C0274;C0639
C0262,support,posture,euclidean,5,M005;M007;M009;M010;M030,12,2,1,2,C0007;C0008;C0041;C0262;C0263;C0264;C0269;C0273;C0281;C0641;C0642;C0650
C0263,support,posture,euclidean,6,M005;M007;M009;M010;M030;M032,13,2,1,2,C0007;C0008;C0041;C0262;C0263;C0264;C0268;C0269;C0637;C0641;C0642;C0644;C0647
C0264,support,posture,euclidean,7,M005;M007;M009;M010;M030;M032;M054,21,2,1,2,C0007;C0008;C0041;C0261;C0262;C0263;C0264;C0265;C0266;C0267;C0268;C0269;C0634;C0636;C0638;C0639;C0640;C0642;C0643;C0644;C0651
C0266,support,posture,euclidean,9,M005;M007;M009;M010;M030;M032;M054;M055;M080,12,2,1,1,C0261;C0264;C0265;C0266;C0267;C0268;C0270;C0271;C0272;C0634;C0644;C0931
C0267,support,posture,euclidean,9,M005;M007;M009;M010;M030;M032;M054;M079;M080,9,2,1,1,C0261;C0264;C0265;C0266;C0267;C0268;C0270;C0271;C0644
C0268,support,posture,euclidean,8,M005;M007;M009;M010;M030;M032;M054;M080,12,2,1,1,C0261;C0263;C0264;C0265;C0266;C0267;C0268;C0269;C0272;C0639;C0643;C0644
C0269,support,posture,euclidean,6,M005;M007;M009;M010;M030;M054,12,2,1,2,C0007;C0008;C0262;C0263;C0264;C0268;C0269;C0641;C0644;C0645;C0651;C1090
C0271,support,posture,euclidean,10,M005;M009;M010;M028;M030;M032;M054;M055;M079;M080,10,2,1,1,C0265;C0266;C0267;C0270;C0271;C0272;C0274;C0279;C0931;C1005
C0272,support,posture,euclidean,9,M005;M009;M010;M028;M030;M032;M054;M055;M080,12,2,1,1,C0265;C0266;C0268;C0270;C0271;C0272;C0279;C0634;C0644;C0931;C1005;C1186
C0273,support,posture,euclidean,4,M005;M009;M010;M030,15,2,1,3,C0007;C0008;C0042;C0079;C0084;C0089;C0262;C0273;C0275;C0282;C0648;C0650;C0651;C1091;C1187
C0275,support,posture,euclidean,3,M005;M009;M030,3,2,1,1,C0273;C0275;C0650
C0281,support,posture,euclidean,4,M007;M009;M010;M030,11,2,1,3,C0007;C0008;C0009;C0010;C0061;C0062;C0262;C0280;C0281;C0282;C1091
C0282,support,posture,euclidean,3,M009;M010;M030,6,2,1,1,C0273;C0281;C0282;C0650;C1091;C1142
C0316,support,posture,euclidean,3,M015;M047;M050,3,2,1,1,C0316;C0317;C1493
C0318,support,posture,euclidean,10,M024;M027;M054;M055;M071;M072;M073;M074;M079;M080,10,2,1,1,C0318;C0319;C0320;C0322;C0329;C0332;C0356;C0357;C0361;C0805
C0319,support,posture,euclidean,10,M024;M027;M055;M071;M072;M073;M074;M076;M079;M080,11,2,1,1,C0318;C0319;C0320;C0321;C0322;C0332;C0361;C0810;C0939;C1061;C1065
C0320,support,posture,euclidean,9,M024;M054;M055;M071;M072;M073;M074;M079;M080,12,2,1,1,C0318;C0319;C0320;C0321;C0322;C0329;C0332;C0356;C0357;C0361;C0760;C0805
C0321,support,posture,euclidean,8,M024;M055;M071;M072;M073;M074;M076;M079,12,2,1,1,C0319;C0320;C0321;C0322;C0360;C0727;C0939;C1060;C1061;C1065;C1120;C1171
C0329,support,posture,euclidean,10,M027;M028;M054;M055;M071;M072;M073;M074;M079;M080,8,2,1,1,C0318;C0320;C0329;C0332;C0356;C0357;C0361;C0805
C0332,support,posture,euclidean,9,M027;M054;M055;M071;M072;M073;M074;M079;M080,10,2,1,1,C0318;C0319;C0320;C0329;C0332;C0356;C0357;C0361;C0760;C0805
C0348,support,posture,euclidean,7,M045;M049;M056;M057;M078;M081;M082,17,2,1,2,C0012;C0013;C0065;C0342;C0343;C0345;C0346;C0347;C0348;C0349;C0351;C0352;C0353;C0355;C0940;C0949;C1451
C0356,support,posture,euclidean,8,M054;M055;M071;M072;M073;M074;M079;M080,21,2,1,2,C0056;C0057;C0058;C0059;C0318;C0320;C0322;C0329;C0332;C0356;C0357;C0360;C0361;C0362;C0733;C0747;C0759;C0760;C0805;C0806;C0812
C0357,support,posture,euclidean,7,M054;M055;M071;M072;M073;M079;M080,14,2,1,1,C0318;C0320;C0329;C0332;C0356;C0357;C0358;C0361;C0362;C0805;C0806;C0814;C0952;C1025
C0360,support,posture,euclidean,6,M055;M071;M072;M073;M074;M079,14,2,1,2,C0056;C0057;C0058;C0059;C0321;C0356;C0360;C0361;C0362;C0811;C0812;C0951;C1065;C1171
C0361,support,posture,euclidean,7,M055;M071;M072;M073;M074;M079;M080,24,2,1,2,C0056;C0057;C0058;C0059;C0318;C0319;C0320;C0322;C0329;C0332;C0356;C0357;C0360;C0361;C0362;C0805;C0810;C0811;C0812;C0814;C0951;C0952;C1065;C1123
C0362,support,posture,euclidean,6,M055;M071;M072;M073;M079;M080,13,2,1,2,C0056;C0057;C0058;C0059;C0356;C0357;C0360;C0361;C0362;C0806;C0812;C0814;C0952
C0364,support,posture,euclidean,3,M071;M072;M073,11,2,1,3,C0018;C0019;C0066;C0067;C0081;C0364;C0808;C0813;C0815;C0953;C1172
C0509,support,v1_markers,euclidean,5,M011;M013;M022;M024;M073,7,2,1,1,C0430;C0507;C0508;C0509;C0510;C1133;C1705
C0569,support,v1_markers,euclidean,4,M077;M078;M081;M082,10,2,1,3,C0033;C0034;C0035;C0069;C0070;C0568;C0569;C0984;C1286;C1458
C0579,support,values_disclosure,euclidean,10,M002;M004;M071;M072;M073;M074;M076;M077;M079;M080,22,2,1,3,C0036;C0037;C0038;C0039;C0040;C0579;C0580;C0581;C0582;C0595;C0596;C0597;C0598;C0599;C0682;C0683;C0725;C0727;C0728;C0801;C0809;C0810
C0580,support,values_disclosure,euclidean,9,M002;M004;M072;M073;M074;M076;M077;M079;M080,19,2,1,3,C0036;C0037;C0038;C0039;C0040;C0579;C0580;C0581;C0582;C0595;C0596;C0597;C0598;C0599;C0682;C0683;C0725;C0728;C0809
C0596,support,values_disclosure,euclidean,10,M002;M027;M071;M072;M073;M074;M076;M077;M079;M080,20,2,1,3,C0036;C0037;C0038;C0039;C0040;C0579;C0580;C0595;C0596;C0597;C0598;C0599;C0682;C0683;C0688;C0689;C0698;C0801;C0809;C0810
C0597,support,values_disclosure,euclidean,9,M002;M071;M072;M073;M074;M076;M077;M079;M080,22,2,1,3,C0036;C0037;C0038;C0039;C0040;C0579;C0580;C0581;C0595;C0596;C0597;C0598;C0599;C0682;C0683;C0688;C0725;C0728;C0799;C0801;C0809;C0810
C0598,support,values_disclosure,euclidean,8,M002;M072;M073;M074;M076;M077;M079;M080,19,2,1,3,C0036;C0037;C0038;C0039;C0040;C0579;C0580;C0581;C0595;C0596;C0597;C0598;C0599;C0600;C0682;C0683;C0684;C0801;C0809
C0600,support,values_disclosure,euclidean,6,M002;M074;M076;M077;M079;M080,10,2,1,1,C0581;C0582;C0598;C0599;C0600;C0601;C0684;C0685;C0700;C1423
C0605,support,values_disclosure,euclidean,10,M003;M011;M012;M013;M021;M027;M036;M037;M038;M040,11,2,1,1,C0217;C0221;C0605;C0607;C0608;C0609;C0611;C0619;C0621;C0626;C0992
C0616,support,values_disclosure,euclidean,7,M003;M012;M015;M021;M037;M038;M040,12,2,1,1,C0214;C0611;C0612;C0613;C0614;C0615;C0616;C0621;C0626;C0994;C0995;C0997
C0617,support,values_disclosure,euclidean,9,M003;M012;M021;M027;M034;M035;M036;M037;M038,7,2,1,1,C0216;C0617;C0618;C0619;C0999;C1000;C1086
C0618,support,values_disclosure,euclidean,10,M003;M012;M021;M027;M034;M035;M036;M037;M038;M040,12,2,1,1,C0217;C0607;C0617;C0618;C0619;C0621;C0626;C0992;C0999;C1000;C1086;C1352
C0619,support,values_disclosure,euclidean,8,M003;M012;M021;M027;M036;M037;M038;M040,19,2,1,1,C0217;C0603;C0604;C0605;C0607;C0608;C0609;C0612;C0613;C0617;C0618;C0619;C0621;C0623;C0624;C0625;C0626;C0992;C0996
C0625,support,values_disclosure,euclidean,6,M003;M012;M021;M036;M037;M038,11,2,1,1,C0215;C0216;C0221;C0222;C0610;C0619;C0625;C0626;C0996;C1004;C1140
C0626,support,values_disclosure,euclidean,7,M003;M012;M021;M036;M037;M038;M040,19,2,1,1,C0214;C0217;C0218;C0221;C0603;C0605;C0607;C0608;C0611;C0616;C0618;C0619;C0621;C0625;C0626;C0992;C0997;C1086;C1140
C0634,support,values_disclosure,euclidean,10,M005;M007;M009;M010;M011;M028;M030;M032;M054;M055,12,2,1,2,C0041;C0264;C0266;C0272;C0634;C0639;C0642;C0643;C0644;C1005;C1186;C1261
C0636,support,values_disclosure,euclidean,10,M005;M007;M009;M010;M021;M027;M028;M030;M032;M054,11,2,1,2,C0041;C0264;C0635;C0636;C0637;C0638;C0639;C0640;C0642;C0643;C0644
C0637,support,values_disclosure,euclidean,8,M005;M007;M009;M010;M027;M028;M030;M032,13,2,1,2,C0041;C0263;C0635;C0636;C0637;C0638;C0639;C0640;C0641;C0642;C0643;C0644;C0647
C0638,support,values_disclosure,euclidean,10,M005;M007;M009;M010;M027;M028;M030;M032;M033;M054,13,2,1,2,C0041;C0264;C0635;C0636;C0637;C0638;C0639;C0640;C0642;C0643;C0644;C0645;C0649
C0639,support,values_disclosure,euclidean,9,M005;M007;M009;M010;M027;M028;M030;M032;M054,15,2,1,2,C0041;C0261;C0264;C0268;C0634;C0635;C0636;C0637;C0638;C0639;C0640;C0642;C0643;C0644;C0645
C0640,support,values_disclosure,euclidean,10,M005;M007;M009;M010;M027;M028;M030;M032;M054;M071,11,2,1,2,C0041;C0264;C0635;C0636;C0637;C0638;C0639;C0640;C0642;C0643;C0644
C0641,support,values_disclosure,euclidean,6,M005;M007;M009;M010;M028;M030,14,2,1,2,C0007;C0008;C0041;C0262;C0263;C0269;C0637;C0641;C0642;C0644;C0645;C0646;C0647;C0648
C0642,support,values_disclosure,euclidean,7,M005;M007;M009;M010;M028;M030;M032,22,2,1,2,C0007;C0008;C0041;C0262;C0263;C0264;C0634;C0635;C0636;C0637;C0638;C0639;C0640;C0641;C0642;C0643;C0644;C0646;C0647;C0648;C0653;C0654
C0643,support,values_disclosure,euclidean,9,M005;M007;M009;M010;M028;M030;M032;M033;M054,15,2,1,2,C0041;C0264;C0268;C0634;C0636;C0637;C0638;C0639;C0640;C0642;C0643;C0644;C0645;C0649;C1141
C0644,support,values_disclosure,euclidean,8,M005;M007;M009;M010;M028;M030;M032;M054,22,2,1,2,C0041;C0263;C0264;C0266;C0267;C0268;C0269;C0272;C0634;C0635;C0636;C0637;C0638;C0639;C0640;C0641;C0642;C0643;C0644;C0645;C0647;C1005
C0645,support,values_disclosure,euclidean,8,M005;M007;M009;M010;M028;M030;M033;M054,9,2,1,1,C0269;C0638;C0639;C0641;C0643;C0644;C0645;C0649;C1090
C0647,support,values_disclosure,euclidean,6,M005;M007;M010;M028;M030;M032,10,2,1,2,C0041;C0263;C0637;C0641;C0642;C0644;C0646;C0647;C0653;C0654
C0648,support,values_disclosure,euclidean,5,M005;M009;M010;M028;M030,8,2,1,2,C0041;C0273;C0641;C0642;C0648;C0649;C0650;C0652
C0650,support,values_disclosure,euclidean,4,M005;M009;M010;M030,15,2,1,3,C0007;C0008;C0042;C0079;C0084;C0089;C0262;C0273;C0275;C0282;C0648;C0650;C0651;C1091;C1187
C0651,support,values_disclosure,euclidean,5,M005;M009;M010;M030;M054,9,2,1,1,C0264;C0269;C0273;C0649;C0650;C0651;C1090;C1142;C1261
C0683,support,values_disclosure,euclidean,7,M072;M073;M074;M076;M077;M079;M080,22,2,1,3,C0036;C0037;C0038;C0039;C0040;C0579;C0580;C0595;C0596;C0597;C0598;C0599;C0682;C0683;C0684;C0685;C0725;C0728;C0799;C0801;C0809;C0810
C0684,support,values_disclosure,euclidean,6,M073;M074;M076;M077;M079;M080,9,2,1,1,C0581;C0598;C0599;C0600;C0682;C0683;C0684;C0685;C0809
C0686,support,values_disclosure,euclidean,4,M076;M077;M079;M080,6,2,1,1,C0141;C0601;C0685;C0686;C1098;C1503
C0689,support,values_owned,euclidean,9,M002;M015;M027;M071;M073;M074;M076;M077;M079,6,2,1,1,C0595;C0596;C0688;C0689;C0690;C0698
C0698,support,values_owned,euclidean,7,M002;M027;M071;M074;M076;M077;M079,9,2,1,1,C0596;C0688;C0689;C0690;C0697;C0698;C0699;C0700;C1014
C0700,support,values_owned,euclidean,6,M002;M027;M074;M076;M077;M079,7,2,1,1,C0600;C0690;C0697;C0698;C0699;C0700;C1014
C0704,support,values_owned,euclidean,9,M003;M004;M015;M024;M025;M047;M050;M051;M052,10,2,1,1,C0704;C0705;C0709;C0713;C0716;C0718;C0719;C0726;C0925;C0926
C0705,support,values_owned,euclidean,10,M003;M004;M015;M024;M025;M047;M050;M051;M052;M077,11,2,1,1,C0212;C0704;C0705;C0709;C0713;C0716;C0718;C0719;C0726;C0925;C0926
C0709,support,values_owned,euclidean,8,M003;M004;M024;M025;M047;M050;M051;M052,10,2,1,1,C0704;C0705;C0709;C0713;C0718;C0719;C0726;C1147;C1150;C1344
C0719,support,values_owned,euclidean,9,M004;M015;M024;M025;M047;M050;M051;M052;M077,8,2,1,1,C0704;C0705;C0709;C0716;C0718;C0719;C0726;C0926
C0725,support,values_owned,euclidean,10,M004;M015;M071;M072;M073;M074;M076;M077;M079;M080,18,2,1,3,C0036;C0037;C0038;C0039;C0040;C0579;C0580;C0595;C0597;C0682;C0683;C0725;C0727;C0728;C0799;C0801;C0809;C0810
C0733,support,values_owned,euclidean,9,M004;M054;M071;M072;M073;M074;M075;M079;M080,9,2,1,1,C0356;C0732;C0733;C0734;C0735;C0758;C0759;C0760;C0805
C0747,support,values_owned,euclidean,9,M005;M007;M054;M071;M072;M073;M074;M079;M080,13,2,1,1,C0356;C0741;C0744;C0745;C0746;C0747;C0748;C0749;C0750;C0758;C0759;C0760;C0805
C0759,support,values_owned,euclidean,9,M007;M054;M071;M072;M073;M074;M075;M079;M080,11,2,1,1,C0356;C0732;C0733;C0734;C0746;C0747;C0748;C0758;C0759;C0760;C0805
C0760,support,values_owned,euclidean,8,M007;M054;M071;M072;M073;M074;M079;M080,18,2,1,2,C0056;C0057;C0058;C0059;C0320;C0332;C0356;C0733;C0745;C0746;C0747;C0748;C0758;C0759;C0760;C0805;C0806;C0812
C0765,support,values_owned,euclidean,4,M015;M024;M025;M052,4,2,1,1,C0765;C0767;C1194;C1588
C0768,support,values_owned,euclidean,10,M015;M024;M043;M044;M052;M071;M074;M076;M077;M079,13,2,1,1,C0768;C0769;C0781;C0782;C0783;C0784;C0785;C0786;C0790;C0791;C0793;C0847;C0848
C0769,support,values_owned,euclidean,9,M015;M024;M043;M044;M052;M074;M076;M077;M079,15,2,1,1,C0714;C0761;C0763;C0768;C0769;C0781;C0782;C0783;C0784;C0785;C0786;C0788;C0791;C0793;C0847
C0781,support,values_owned,euclidean,10,M015;M043;M044;M052;M053;M071;M074;M076;M077;M079,15,2,1,1,C0768;C0769;C0781;C0782;C0783;C0784;C0785;C0786;C0787;C0788;C0790;C0791;C0793;C0847;C0848
C0782,support,values_owned,euclidean,9,M015;M043;M044;M052;M053;M074;M076;M077;M079,13,2,1,1,C0768;C0769;C0781;C0782;C0783;C0784;C0785;C0786;C0787;C0788;C0791;C0793;C0847
C0783,support,values_owned,euclidean,10,M015;M043;M044;M052;M071;M072;M074;M076;M077;M079,14,2,1,1,C0768;C0769;C0781;C0782;C0783;C0784;C0785;C0786;C0789;C0790;C0791;C0793;C0847;C0848
C0784,support,values_owned,euclidean,9,M015;M043;M044;M052;M071;M074;M076;M077;M079,16,2,1,1,C0768;C0769;C0781;C0782;C0783;C0784;C0785;C0786;C0788;C0789;C0790;C0791;C0793;C0847;C0848;C0849
C0785,support,values_owned,euclidean,7,M015;M043;M044;M052;M074;M076;M077,19,2,1,2,C0052;C0053;C0054;C0055;C0714;C0761;C0768;C0769;C0781;C0782;C0783;C0784;C0785;C0786;C0787;C0792;C0793;C0794;C0847
C0786,support,values_owned,euclidean,8,M015;M043;M044;M052;M074;M076;M077;M079,16,2,1,1,C0768;C0769;C0781;C0782;C0783;C0784;C0785;C0786;C0788;C0790;C0791;C0792;C0793;C0847;C0848;C0850
C0789,support,values_owned,euclidean,10,M015;M043;M044;M071;M072;M073;M074;M076;M077;M079,12,2,1,1,C0783;C0784;C0789;C0790;C0791;C0793;C0799;C0801;C0823;C0825;C0855;C0883
C0790,support,values_owned,euclidean,9,M015;M043;M044;M071;M072;M074;M076;M077;M079,16,2,1,1,C0768;C0781;C0783;C0784;C0786;C0788;C0789;C0790;C0791;C0793;C0799;C0823;C0841;C0847;C0853;C0855
C0791,support,values_owned,euclidean,8,M015;M043;M044;M071;M074;M076;M077;M079,16,2,1,1,C0768;C0769;C0781;C0782;C0783;C0784;C0786;C0788;C0789;C0790;C0791;C0792;C0793;C0842;C0847;C0848
C0793,support,values_owned,euclidean,7,M015;M043;M044;M074;M076;M077;M079,21,2,1,2,C0052;C0053;C0054;C0055;C0768;C0769;C0781;C0782;C0783;C0784;C0785;C0786;C0787;C0788;C0789;C0790;C0791;C0792;C0793;C0794;C0847
C0795,support,values_owned,euclidean,4,M015;M043;M044;M077,9,2,1,2,C0052;C0053;C0054;C0055;C0779;C0794;C0795;C0800;C1210
C0805,support,values_owned,euclidean,7,M054;M071;M072;M073;M074;M079;M080,25,2,1,2,C0056;C0057;C0058;C0059;C0318;C0320;C0329;C0332;C0356;C0357;C0361;C0732;C0733;C0746;C0747;C0758;C0759;C0760;C0805;C0806;C0810;C0811;C0812;C0814;C1025
C0806,support,values_owned,euclidean,6,M054;M071;M072;M073;M079;M080,13,2,1,2,C0056;C0057;C0058;C0059;C0356;C0357;C0362;C0760;C0805;C0806;C0812;C0814;C1025
C0808,support,values_owned,euclidean,3,M071;M072;M073,11,2,1,3,C0018;C0019;C0066;C0067;C0081;C0364;C0808;C0813;C0815;C0953;C1172
C0811,support,values_owned,euclidean,5,M071;M072;M073;M074;M079,20,2,1,3,C0018;C0019;C0056;C0057;C0058;C0059;C0066;C0067;C0081;C0360;C0361;C0805;C0810;C0811;C0812;C0813;C0816;C0953;C1065;C1171
C0813,support,values_owned,euclidean,4,M071;M072;M073;M079,7,2,1,1,C0364;C0808;C0811;C0813;C0814;C0817;C1025
C0814,support,values_owned,euclidean,5,M071;M072;M073;M079;M080,17,2,1,2,C0056;C0057;C0058;C0059;C0357;C0361;C0362;C0735;C0749;C0805;C0806;C0810;C0812;C0813;C0814;C0815;C1172
C0815,support,values_owned,euclidean,4,M071;M072;M073;M080,7,2,1,1,C0364;C0808;C0814;C0815;C0818;C0952;C1172
C0818,support,values_owned,euclidean,3,M072;M073;M080,3,2,1,1,C0815;C0818;C1172
C0823,support,values_wishes,euclidean,10,M002;M015;M043;M044;M071;M072;M073;M074;M076;M077,8,2,1,1,C0789;C0790;C0820;C0821;C0823;C0824;C0825;C0829
C0829,support,values_wishes,euclidean,7,M002;M043;M071;M072;M073;M074;M076,7,2,1,1,C0823;C0824;C0825;C0827;C0828;C0829;C1170
C0841,support,values_wishes,euclidean,10,M015;M041;M043;M044;M071;M072;M076;M077;M079;M080,6,2,1,1,C0790;C0841;C0854;C0868;C0869;C0870
C0842,support,values_wishes,euclidean,9,M015;M043;M044;M047;M051;M071;M074;M077;M079,5,2,1,1,C0791;C0842;C0843;C0856;C1034
C0847,support,values_wishes,euclidean,10,M015;M043;M044;M049;M052;M071;M074;M076;M077;M079,16,2,1,1,C0768;C0769;C0781;C0782;C0783;C0784;C0785;C0786;C0790;C0791;C0793;C0847;C0848;C0849;C0850;C0875
C0848,support,values_wishes,euclidean,9,M015;M043;M044;M049;M052;M071;M076;M077;M079,10,2,1,1,C0768;C0781;C0783;C0784;C0786;C0791;C0847;C0848;C0849;C0875
C0849,support,values_wishes,euclidean,8,M015;M043;M044;M049;M052;M071;M077;M079,7,2,1,1,C0784;C0847;C0848;C0849;C0850;C0875;C0888
C0850,support,values_wishes,euclidean,9,M015;M043;M044;M049;M052;M073;M074;M077;M079,7,2,1,1,C0786;C0847;C0849;C0850;C0851;C0857;C0889
C0853,support,values_wishes,euclidean,10,M015;M043;M044;M050;M071;M072;M074;M076;M079;M080,7,2,1,1,C0790;C0853;C0854;C0855;C0861;C0883;C0891
C0855,support,values_wishes,euclidean,10,M015;M043;M044;M071;M072;M073;M074;M076;M079;M080,16,2,1,1,C0789;C0790;C0799;C0801;C0810;C0830;C0831;C0845;C0853;C0854;C0855;C0878;C0879;C0883;C0884;C0885
C0878,support,values_wishes,euclidean,10,M043;M044;M053;M071;M072;M073;M074;M076;M079;M080,9,2,1,1,C0810;C0855;C0876;C0877;C0878;C0879;C0883;C0884;C0885
C0884,support,values_wishes,euclidean,8,M043;M044;M071;M072;M073;M074;M079;M080,16,2,1,2,C0056;C0057;C0058;C0059;C0812;C0830;C0831;C0837;C0845;C0855;C0878;C0879;C0882;C0883;C0884;C0885
C0925,support,posture,euclidean,7,M003;M004;M015;M024;M047;M050;M051,8,2,1,1,C0149;C0212;C0704;C0705;C0925;C0926;C1344;C1700
C0926,support,posture,euclidean,8,M003;M004;M015;M024;M047;M050;M051;M077,8,2,1,1,C0149;C0212;C0704;C0705;C0719;C0925;C0926;C1344
C0929,support,posture,euclidean,7,M003;M011;M021;M034;M036;M037;M038,16,2,1,1,C0213;C0214;C0216;C0217;C0218;C0219;C0220;C0221;C0223;C0293;C0927;C0929;C0937;C1054;C1140;C1167
C0931,support,posture,euclidean,8,M005;M010;M028;M030;M032;M054;M055;M080,7,2,1,1,C0266;C0271;C0272;C0279;C0931;C0932;C1005
C0952,support,posture,euclidean,5,M055;M071;M072;M073;M080,6,2,1,1,C0357;C0361;C0362;C0815;C0952;C1172
C0953,support,posture,euclidean,4,M071;M072;M073;M074,13,2,1,3,C0018;C0019;C0066;C0067;C0081;C0364;C0808;C0811;C0951;C0953;C1170;C1245;C1372
C0970,support,v1_markers,euclidean,5,M011;M013;M022;M024;M076,5,2,1,1,C0430;C0510;C0970;C1177;C1705
C0983,support,v1_markers,euclidean,4,M058;M078;M081;M082,5,2,1,1,C0568;C0983;C1181;C1286;C1458
C0984,support,v1_markers,euclidean,3,M077;M078;M081,9,2,1,3,C0033;C0034;C0035;C0069;C0070;C0550;C0569;C0984;C1280
C1005,support,values_disclosure,euclidean,9,M005;M009;M010;M011;M028;M030;M032;M054;M055,8,2,1,1,C0271;C0272;C0634;C0644;C0931;C1005;C1186;C1261
C1025,support,values_owned,euclidean,5,M054;M071;M072;M073;M079,6,2,1,1,C0357;C0805;C0806;C0807;C0813;C1025
C1065,support,posture,euclidean,7,M055;M071;M072;M073;M074;M076;M079,14,2,1,1,C0319;C0321;C0322;C0360;C0361;C0810;C0811;C0939;C0951;C1060;C1061;C1065;C1170;C1171
C1086,support,values_disclosure,euclidean,10,M003;M012;M021;M034;M035;M036;M037;M038;M040;M046,9,2,1,1,C0217;C0218;C0617;C0618;C0626;C1086;C1352;C1410;C1573
C1090,support,values_disclosure,euclidean,6,M005;M009;M010;M030;M033;M054,5,2,1,1,C0269;C0645;C0649;C0651;C1090
C1091,support,values_disclosure,euclidean,3,M009;M010;M030,6,2,1,1,C0273;C0281;C0282;C0650;C1091;C1142
C1128,support,posture,euclidean,3,M049;M078;M082,4,2,1,1,C1126;C1128;C1211;C1680
C1133,support,v1_markers,euclidean,4,M013;M022;M024;M073,4,2,1,1,C0509;C1133;C1247;C1599
C1139,support,values_disclosure,euclidean,4,M003;M012;M021;M027,6,2,1,2,C0060;C0248;C0249;C0620;C1139;C1314
C1140,support,values_disclosure,euclidean,5,M003;M021;M036;M037;M038,8,2,1,1,C0221;C0625;C0626;C0929;C1000;C1004;C1140;C1259
C1142,support,values_disclosure,euclidean,4,M009;M010;M030;M054,5,2,1,1,C0282;C0651;C1091;C1142;C1353
C1172,support,posture,euclidean,4,M071;M072;M073;M080,7,2,1,1,C0364;C0808;C0814;C0815;C0818;C0952;C1172
C1186,support,values_disclosure,euclidean,8,M005;M009;M010;M011;M028;M030;M054;M055,6,2,1,1,C0272;C0634;C1005;C1186;C1261;C1533
C1187,support,values_disclosure,euclidean,3,M005;M010;M030,8,2,1,2,C0042;C0079;C0084;C0089;C0273;C0650;C0652;C1187
C1194,support,values_owned,euclidean,3,M024;M025;M052,7,2,1,2,C0073;C0092;C0765;C1194;C1417;C1561;C1588
C1210,support,posture,euclidean,3,M043;M044;M077,3,2,1,1,C0795;C1210;C1328
C1211,support,posture,euclidean,4,M049;M078;M081;M082,6,2,1,1,C0353;C0355;C1128;C1211;C1286;C1458
C1229,support,values_owned,euclidean,6,M004;M011;M013;M022;M024;M025,5,2,1,1,C1226;C1229;C1266;C1509;C1758
C1272,support,values_owned,euclidean,4,M047;M050;M051;M052,7,2,1,1,C1233;C1272;C1416;C1517;C1672;C1745;C1808
C1280,support,freeflow_form,euclidean,4,M074;M077;M078;M081,4,2,1,1,C0922;C0984;C1280;C1555
C1286,support,v1_markers,euclidean,3,M078;M081;M082,10,2,1,3,C0033;C0034;C0035;C0069;C0070;C0569;C0983;C1211;C1286;C1458
C1318,support,values_owned,euclidean,4,M004;M047;M050;M052,4,2,1,1,C1317;C1318;C1416;C1745
C1333,support,values_owned,euclidean,4,M003;M004;M024;M052,4,2,1,1,C1145;C1333;C1512;C1527
C1344,support_watch,posture,euclidean,6,M003;M004;M024;M047;M050;M051,5,2,1,1,C0709;C0925;C0926;C1344;C1700
C1352,support_watch,values_disclosure,euclidean,9,M003;M021;M034;M035;M036;M037;M038;M040;M046,7,2,1,1,C0218;C0618;C0999;C1086;C1352;C1410;C1573
C1389,support_watch,posture,euclidean,3,M016;M022;M024,3,2,1,1,C0938;C1389;C1594
C1412,support_watch,values_disclosure,euclidean,3,M059;M082;M083,13,2,1,3,C0094;C0102;C1295;C1361;C1382;C1412;C1427;C1442;C1464;C1465;C1484;C1485;C1494
C1416,support_watch,values_owned,euclidean,3,M047;M050;M052,6,2,1,1,C1272;C1318;C1416;C1493;C1627;C1745
C1417,support_watch,values_wishes,euclidean,4,M024;M025;M049;M052,4,2,1,1,C1194;C1363;C1417;C1588
C1422,support_watch,v1_markers,euclidean,3,M011;M013;M024,3,2,1,1,C1177;C1422;C1705
C1427,watchlist,values_disclosure,euclidean,3,M059;M082;M083,13,2,1,3,C0094;C0102;C1295;C1361;C1382;C1412;C1427;C1442;C1464;C1465;C1484;C1485;C1494
C1458,support_watch,posture,euclidean,3,M078;M081;M082,10,2,1,3,C0033;C0034;C0035;C0069;C0070;C0569;C0983;C1211;C1286;C1458
C1464,watchlist,values_disclosure,euclidean,3,M059;M082;M083,13,2,1,3,C0094;C0102;C1295;C1361;C1382;C1412;C1427;C1442;C1464;C1465;C1484;C1485;C1494
C1465,watchlist,values_disclosure,euclidean,3,M059;M082;M083,13,2,1,3,C0094;C0102;C1295;C1361;C1382;C1412;C1427;C1442;C1464;C1465;C1484;C1485;C1494
C1485,watchlist,values_disclosure,euclidean,3,M059;M082;M083,13,2,1,3,C0094;C0102;C1295;C1361;C1382;C1412;C1427;C1442;C1464;C1465;C1484;C1485;C1494
C1494,watchlist,values_disclosure,euclidean,3,M059;M082;M083,13,2,1,3,C0094;C0102;C1295;C1361;C1382;C1412;C1427;C1442;C1464;C1465;C1484;C1485;C1494
C1503,support_watch,freeflow_form,euclidean,3,M076;M077;M080,3,2,1,1,C0686;C1164;C1503
C1509,support_watch,values_owned,euclidean,5,M011;M013;M022;M024;M025,7,2,1,1,C1190;C1226;C1229;C1509;C1705;C1758;C1805
C1588,support_watch,values_wishes,euclidean,3,M024;M025;M052,7,2,1,2,C0073;C0092;C0765;C1194;C1417;C1561;C1588
C1599,support_watch,values_owned,euclidean,3,M013;M022;M024,4,2,1,1,C1133;C1583;C1599;C1705
C1627,support_watch,values_disclosure,euclidean,4,M047;M050;M052;M053,5,2,1,1,C1416;C1441;C1596;C1627;C1745
C1646,watchlist,posture,euclidean,3,M029;M033;M075,5,2,1,2,C1580;C1646;C1658;C1742;C1788
C1658,support_watch,posture,euclidean,3,M029;M033;M075,5,2,1,2,C1580;C1646;C1658;C1742;C1788
C1680,support_watch,values_disclosure,euclidean,4,M049;M059;M078;M082,3,2,1,1,C1128;C1680;C1717
C1705,support_watch,values_owned,euclidean,4,M011;M013;M022;M024,7,2,1,1,C0509;C0970;C1422;C1509;C1599;C1705;C1775
C1742,watchlist,posture,euclidean,3,M029;M033;M075,5,2,1,2,C1580;C1646;C1658;C1742;C1788
C1745,support_watch,values_disclosure,euclidean,3,M047;M050;M052,6,2,1,1,C1272;C1318;C1416;C1493;C1627;C1745
C1758,support_watch,values_wishes,euclidean,6,M011;M013;M016;M022;M024;M025,9,2,1,1,C1229;C1509;C1613;C1677;C1708;C1758;C1775;C1782;C1805
C1767,support_watch,v1_markers,euclidean,4,M047;M056;M057;M058,4,2,1,1,C1097;C1532;C1545;C1767
C1782,support_watch,values_owned,euclidean,6,M011;M013;M016;M022;M024;M050,3,2,1,1,C1758;C1775;C1782
C1788,support_watch,values_disclosure,euclidean,4,M029;M033;M054;M075,6,2,1,2,C1646;C1658;C1742;C1744;C1787;C1788
C1805,support_watch,values_wishes,euclidean,7,M011;M012;M013;M016;M022;M024;M025,11,2,1,1,C1509;C1613;C1665;C1677;C1708;C1757;C1758;C1775;C1783;C1805;C1814
C1808,support_watch,values_disclosure,euclidean,5,M015;M047;M050;M051;M052,5,2,1,1,C1272;C1394;C1493;C1692;C1808
F0001,feature_flag,values_disclosure,single_feature,3,M031;M039;M051,3,2,1,1,F0001;F0002;F0003
F0002,feature_flag,posture,single_feature,3,M039;M051;M031,3,2,1,1,F0001;F0002;F0003
F0003,feature_flag,posture,single_feature,3,M039;M051;M031,3,2,1,1,F0001;F0002;F0003
F0057,feature_flag,values_wishes,single_feature,6,M029;M032;M039;M033;M054;M028,2,2,1,1,F0057;F0094
F0065,feature_flag,posture,single_feature,8,M019;M017;M083;M059;M058;M075;M060;M029,2,2,1,1,F0065;F0068
F0068,feature_flag,values_owned,single_feature,6,M017;M058;M059;M060;M083;M019,2,2,1,1,F0065;F0068
C0046,headline,values_disclosure,euclidean,8,M043;M044;M045;M056;M057;M058;M060;M081,19,1,2,4,C0046;C0047;C0048;C0049;C0050;C0051;C0656;C0659;C0660;C0661;C0662;C0663;C0666;C0667;C0668;C0669;F0030;F0032;F0085
C0047,headline,values_disclosure,euclidean,8,M043;M044;M045;M056;M057;M058;M060;M081,19,1,2,4,C0046;C0047;C0048;C0049;C0050;C0051;C0656;C0659;C0660;C0661;C0662;C0663;C0666;C0667;C0668;C0669;F0030;F0032;F0085
C0048,headline,values_disclosure,euclidean,8,M043;M044;M045;M056;M057;M058;M060;M081,19,1,2,4,C0046;C0047;C0048;C0049;C0050;C0051;C0656;C0659;C0660;C0661;C0662;C0663;C0666;C0667;C0668;C0669;F0030;F0032;F0085
C0049,headline,values_disclosure,euclidean,8,M043;M044;M045;M056;M057;M058;M060;M081,19,1,2,4,C0046;C0047;C0048;C0049;C0050;C0051;C0656;C0659;C0660;C0661;C0662;C0663;C0666;C0667;C0668;C0669;F0030;F0032;F0085
C0050,headline,values_disclosure,euclidean,8,M043;M044;M045;M056;M057;M058;M060;M081,19,1,2,4,C0046;C0047;C0048;C0049;C0050;C0051;C0656;C0659;C0660;C0661;C0662;C0663;C0666;C0667;C0668;C0669;F0030;F0032;F0085
C0051,headline,values_disclosure,euclidean,8,M043;M044;M045;M056;M057;M058;M060;M081,19,1,2,4,C0046;C0047;C0048;C0049;C0050;C0051;C0656;C0659;C0660;C0661;C0662;C0663;C0666;C0667;C0668;C0669;F0030;F0032;F0085
C0065,headline,posture,euclidean,5,M045;M049;M056;M057;M081,9,1,2,3,C0012;C0013;C0065;C0348;C0349;C0354;C0949;C0950;F0019
C0349,support,posture,euclidean,5,M045;M049;M056;M057;M081,9,1,2,3,C0012;C0013;C0065;C0348;C0349;C0354;C0949;C0950;F0019
C0395,support,v1_markers,euclidean,10,M002;M005;M007;M028;M040;M041;M043;M044;M046;M055,14,1,2,2,C0395;C0396;C0397;C0400;C0401;C0465;C0470;C0472;C0473;C0474;C0480;C0481;C0483;F0093
C0396,support,v1_markers,euclidean,10,M002;M005;M007;M028;M040;M043;M044;M046;M054;M055,11,1,2,2,C0395;C0396;C0397;C0400;C0401;C0469;C0470;C0472;C0474;C0483;F0093
C0397,support,v1_markers,euclidean,9,M002;M005;M007;M028;M040;M043;M044;M046;M055,14,1,2,2,C0395;C0396;C0397;C0400;C0401;C0465;C0469;C0470;C0472;C0473;C0474;C0480;C0483;F0093
C0400,support,v1_markers,euclidean,9,M002;M005;M028;M040;M041;M043;M044;M046;M055,13,1,2,2,C0395;C0396;C0397;C0400;C0401;C0465;C0472;C0473;C0474;C0480;C0481;C0483;F0093
C0401,support,v1_markers,euclidean,8,M002;M005;M028;M040;M043;M044;M046;M055,18,1,2,2,C0395;C0396;C0397;C0400;C0401;C0470;C0472;C0474;C0480;C0481;C0482;C0483;C0484;C0485;C0487;C0489;C0532;F0093
C0465,support,v1_markers,euclidean,10,M005;M007;M009;M028;M040;M041;M043;M044;M046;M055,13,1,2,2,C0395;C0397;C0400;C0465;C0469;C0470;C0472;C0473;C0474;C0480;C0481;C0483;F0093
C0469,support,v1_markers,euclidean,10,M005;M007;M009;M028;M040;M043;M044;M046;M054;M055,10,1,2,2,C0396;C0397;C0465;C0469;C0470;C0471;C0472;C0474;C0483;F0093
C0470,support,v1_markers,euclidean,9,M005;M007;M009;M028;M040;M043;M044;M046;M055,13,1,2,2,C0395;C0396;C0397;C0401;C0465;C0469;C0470;C0472;C0473;C0474;C0480;C0483;F0093
C0471,support,v1_markers,euclidean,7,M005;M007;M009;M028;M040;M046;M054,8,1,2,2,C0466;C0467;C0468;C0469;C0471;C0501;C0502;F0098
C0472,support,v1_markers,euclidean,9,M005;M007;M028;M040;M041;M043;M044;M046;M055,15,1,2,2,C0395;C0396;C0397;C0400;C0401;C0465;C0469;C0470;C0472;C0473;C0474;C0480;C0481;C0483;F0093
C0473,support,v1_markers,euclidean,10,M005;M007;M028;M040;M041;M043;M044;M046;M055;M078,12,1,2,2,C0395;C0397;C0400;C0465;C0470;C0472;C0473;C0474;C0480;C0481;C0483;F0093
C0474,support,v1_markers,euclidean,8,M005;M007;M028;M040;M043;M044;M046;M055,21,1,2,2,C0395;C0396;C0397;C0400;C0401;C0465;C0469;C0470;C0472;C0473;C0474;C0480;C0481;C0482;C0483;C0484;C0485;C0487;C0489;C0532;F0093
C0480,support,v1_markers,euclidean,8,M005;M028;M040;M041;M043;M044;M046;M055,19,1,2,2,C0395;C0397;C0400;C0401;C0465;C0470;C0472;C0473;C0474;C0480;C0481;C0482;C0483;C0484;C0485;C0487;C0489;C0532;F0093
C0481,support,v1_markers,euclidean,9,M005;M028;M040;M041;M043;M044;M046;M055;M078,11,1,2,2,C0395;C0400;C0401;C0465;C0472;C0473;C0474;C0480;C0481;C0483;F0093
C0482,support,v1_markers,euclidean,6,M005;M028;M040;M043;M044;M046,13,1,2,2,C0401;C0474;C0480;C0482;C0483;C0484;C0485;C0486;C0487;C0489;C0532;F0086;F0093
C0483,support,v1_markers,euclidean,7,M005;M028;M040;M043;M044;M046;M055,26,1,2,2,C0395;C0396;C0397;C0400;C0401;C0465;C0469;C0470;C0472;C0473;C0474;C0480;C0481;C0482;C0483;C0484;C0485;C0486;C0487;C0489;C0490;C0491;C0498;C0532;C0533;F0093
C0484,support,v1_markers,euclidean,6,M005;M028;M040;M043;M046;M055,12,1,2,2,C0401;C0474;C0480;C0482;C0483;C0484;C0485;C0487;C0489;C0490;C0532;F0093
C0485,support,v1_markers,euclidean,6,M005;M028;M040;M044;M046;M055,12,1,2,2,C0401;C0474;C0480;C0482;C0483;C0484;C0485;C0487;C0489;C0491;C0532;F0093
C0486,support,v1_markers,euclidean,5,M005;M028;M043;M044;M046,6,1,2,2,C0482;C0483;C0486;C0487;C0534;F0093
C0487,support,v1_markers,euclidean,6,M005;M028;M043;M044;M046;M055,14,1,2,2,C0401;C0474;C0480;C0482;C0483;C0484;C0485;C0486;C0487;C0489;C0498;C0532;F0093;F0097
C0489,support,v1_markers,euclidean,6,M005;M040;M043;M044;M046;M055,14,1,2,2,C0401;C0474;C0480;C0482;C0483;C0484;C0485;C0487;C0489;C0490;C0491;C0498;C0532;F0093
C0490,support,v1_markers,euclidean,5,M005;M040;M043;M046;M055,7,1,2,2,C0483;C0484;C0489;C0490;C0493;C0499;F0093
C0491,support,v1_markers,euclidean,5,M005;M040;M044;M046;M055,6,1,2,2,C0483;C0485;C0489;C0491;C0493;F0093
C0498,support,v1_markers,euclidean,5,M005;M043;M044;M046;M055,7,1,2,2,C0483;C0487;C0489;C0498;C0499;C0552;F0093
C0501,support,v1_markers,euclidean,6,M007;M009;M028;M040;M046;M054,5,1,2,2,C0466;C0471;C0501;C0502;F0098
C0532,support,v1_markers,euclidean,6,M028;M040;M043;M044;M046;M055,13,1,2,2,C0401;C0474;C0480;C0482;C0483;C0484;C0485;C0487;C0489;C0532;C0533;F0086;F0093
C0533,support,v1_markers,euclidean,5,M028;M040;M043;M044;M055,5,1,2,2,C0483;C0531;C0532;C0533;F0093
C0656,support,values_disclosure,euclidean,10,M043;M044;M045;M049;M056;M057;M058;M059;M060;M081,14,1,2,4,C0046;C0047;C0048;C0049;C0050;C0051;C0656;C0659;C0660;C0661;C0662;C0667;F0030;F0085
C0661,support,values_disclosure,euclidean,8,M043;M044;M045;M056;M057;M058;M060;M081,19,1,2,4,C0046;C0047;C0048;C0049;C0050;C0051;C0656;C0659;C0660;C0661;C0662;C0663;C0666;C0667;C0668;C0669;F0030;F0032;F0085
C0667,support,values_disclosure,euclidean,7,M043;M044;M056;M057;M058;M060;M081,23,1,2,4,C0046;C0047;C0048;C0049;C0050;C0051;C0656;C0659;C0660;C0661;C0662;C0665;C0666;C0667;C0668;C0669;C0670;C0677;C0679;F0030;F0032;F0037;F0085
C0949,support,posture,euclidean,6,M045;M049;M056;M057;M078;M081,11,1,2,3,C0012;C0013;C0065;C0345;C0346;C0348;C0349;C0351;C0352;C0949;F0019
C1320,support,values_owned,euclidean,3,M056;M057;M078,10,1,2,4,C0097;C0101;C1273;C1320;C1358;C1359;C1449;C1450;F0052;F0072
C1331,support,v1_markers,euclidean,7,M047;M052;M056;M057;M058;M082;M083,7,1,2,2,C0553;C0554;C1215;C1251;C1331;C1532;F0070
C1447,support_watch,values_owned,euclidean,6,M052;M058;M059;M060;M082;M083,10,1,2,3,C0098;C1337;C1446;C1447;C1448;C1650;C1681;C1707;C1727;F0022
C1448,support_watch,values_owned,euclidean,6,M053;M058;M059;M060;M082;M083,7,1,2,3,C0098;C1337;C1446;C1447;C1448;C1650;F0022
C1513,support_watch,values_owned,euclidean,5,M022;M056;M057;M078;M081,12,1,2,4,C0097;C0101;C1273;C1358;C1359;C1449;C1450;C1513;C1547;C1628;C1706;F0052
C1650,support_watch,values_owned,euclidean,7,M052;M053;M058;M059;M060;M082;M083,14,1,2,3,C0098;C1102;C1337;C1380;C1445;C1446;C1447;C1448;C1467;C1514;C1515;C1650;C1707;F0022
C1707,support_watch,values_owned,euclidean,7,M052;M058;M059;M060;M078;M082;M083,11,1,2,3,C0098;C1337;C1447;C1515;C1516;C1650;C1651;C1681;C1707;C1727;F0022
C1771,support_watch,values_owned,euclidean,3,M056;M078;M081,9,1,2,4,C0097;C0101;C1273;C1358;C1359;C1449;C1450;C1771;F0052
F0019,feature_flag,posture,single_feature,6,M081;M049;M057;M041;M045;M056,4,1,2,3,C0065;C0349;C0949;F0019
F0032,feature_flag,values_disclosure,single_feature,10,M034;M035;M060;M044;M081;M045;M043;M056;M057;M058,13,1,2,4,C0046;C0047;C0048;C0049;C0050;C0051;C0659;C0661;C0662;C0667;F0030;F0032;F0085
F0070,feature_flag,v1_markers,single_feature,5,M082;M083;M056;M057;M047,2,1,2,2,C1331;F0070
F0072,feature_flag,values_owned,single_feature,4,M057;M009;M056;M078,2,1,2,2,C1320;F0072
F0086,feature_flag,v1_markers,single_feature,6,M028;M044;M046;M040;M043;M078,3,1,2,2,C0482;C0532;F0086
F0093,feature_flag,v1_markers,single_feature,7,M044;M043;M028;M055;M046;M040;M005,26,1,2,2,C0395;C0396;C0397;C0400;C0401;C0465;C0469;C0470;C0472;C0473;C0474;C0480;C0481;C0482;C0483;C0484;C0485;C0486;C0487;C0489;C0490;C0491;C0498;C0532;C0533;F0093
F0097,feature_flag,v1_markers,single_feature,6,M044;M043;M028;M049;M055;M005,2,1,2,2,C0487;F0097
F0098,feature_flag,v1_markers,single_feature,5,M040;M009;M007;M046;M028,3,1,2,2,C0471;C0501;F0098
C0001,headline,freeflow_form,euclidean,7,M010;M035;M045;M050;M051;M058;M083,20,1,1,2,C0001;C0002;C0003;C0074;C0106;C0107;C0110;C0111;C0117;C0118;C0901;C0906;C0907;C0908;C0909;C0910;C1043;C1053;C1158;C1159
C0002,headline,freeflow_form,euclidean,7,M010;M035;M045;M050;M051;M058;M083,20,1,1,2,C0001;C0002;C0003;C0074;C0106;C0107;C0110;C0111;C0117;C0118;C0901;C0906;C0907;C0908;C0909;C0910;C1043;C1053;C1158;C1159
C0003,headline,freeflow_form,euclidean,7,M010;M035;M045;M050;M051;M058;M083,20,1,1,2,C0001;C0002;C0003;C0074;C0106;C0107;C0110;C0111;C0117;C0118;C0901;C0906;C0907;C0908;C0909;C0910;C1043;C1053;C1158;C1159
C0004,headline,posture,euclidean,4,M002;M027;M035;M077,7,1,1,2,C0004;C0005;C0006;C0200;C0203;C0204;C0206
C0005,headline,posture,euclidean,4,M002;M027;M035;M077,7,1,1,2,C0004;C0005;C0006;C0200;C0203;C0204;C0206
C0006,headline,posture,euclidean,4,M002;M027;M035;M077,7,1,1,2,C0004;C0005;C0006;C0200;C0203;C0204;C0206
C0009,headline,posture,euclidean,3,M007;M009;M010,6,1,1,2,C0009;C0010;C0061;C0062;C0280;C0281
C0010,headline,posture,euclidean,3,M007;M009;M010,6,1,1,2,C0009;C0010;C0061;C0062;C0280;C0281
C0020,headline,v1_markers,euclidean,8,M002;M003;M007;M011;M021;M034;M053;M054,14,1,1,2,C0020;C0021;C0022;C0368;C0369;C0371;C0372;C0374;C0375;C0376;C0381;C0382;C0404;C0440
C0021,headline,v1_markers,euclidean,6,M002;M003;M007;M021;M053;M054,8,1,1,2,C0020;C0021;C0022;C0372;C0375;C0376;C0392;C0404
C0022,headline,v1_markers,euclidean,6,M002;M003;M007;M021;M053;M054,8,1,1,2,C0020;C0021;C0022;C0372;C0375;C0376;C0392;C0404
C0023,headline,v1_markers,euclidean,4,M002;M007;M053;M054,3,1,1,2,C0023;C0408;C0414
C0024,headline,v1_markers,euclidean,3,M005;M046;M055,7,1,1,2,C0024;C0025;C0026;C0027;C0493;C0499;C0500
C0025,headline,v1_markers,euclidean,3,M005;M046;M055,7,1,1,2,C0024;C0025;C0026;C0027;C0493;C0499;C0500
C0026,headline,v1_markers,euclidean,3,M005;M046;M055,7,1,1,2,C0024;C0025;C0026;C0027;C0493;C0499;C0500
C0027,headline,v1_markers,euclidean,3,M005;M046;M055,7,1,1,2,C0024;C0025;C0026;C0027;C0493;C0499;C0500
C0028,headline,v1_markers,euclidean,3,M028;M043;M044,7,1,1,2,C0028;C0029;C0030;C0031;C0531;C0534;C0974
C0029,headline,v1_markers,euclidean,3,M028;M043;M044,7,1,1,2,C0028;C0029;C0030;C0031;C0531;C0534;C0974
C0030,headline,v1_markers,euclidean,3,M028;M043;M044,7,1,1,2,C0028;C0029;C0030;C0031;C0531;C0534;C0974
C0031,headline,v1_markers,euclidean,3,M028;M043;M044,7,1,1,2,C0028;C0029;C0030;C0031;C0531;C0534;C0974
C0032,headline,v1_markers,euclidean,5,M045;M056;M058;M059;M083,12,1,1,3,C0032;C0068;C0078;C0082;C0546;C0559;C0560;C0561;C0562;C0563;C0566;C0980
C0043,headline,values_disclosure,euclidean,3,M007;M028;M032,6,1,1,2,C0043;C0044;C0085;C0090;C0655;C1006
C0044,headline,values_disclosure,euclidean,3,M007;M028;M032,6,1,1,2,C0043;C0044;C0085;C0090;C0655;C1006
C0045,headline,values_disclosure,euclidean,4,M012;M015;M038;M040,9,1,1,3,C0045;C0086;C0087;C0103;C0990;C0995;C1143;C1264;C1316
C0052,headline,values_owned,euclidean,5,M015;M043;M044;M076;M077,12,1,1,2,C0052;C0053;C0054;C0055;C0780;C0785;C0787;C0792;C0793;C0794;C0795;C0796
C0053,headline,values_owned,euclidean,5,M015;M043;M044;M076;M077,12,1,1,2,C0052;C0053;C0054;C0055;C0780;C0785;C0787;C0792;C0793;C0794;C0795;C0796
C0054,headline,values_owned,euclidean,5,M015;M043;M044;M076;M077,12,1,1,2,C0052;C0053;C0054;C0055;C0780;C0785;C0787;C0792;C0793;C0794;C0795;C0796
C0055,headline,values_owned,euclidean,5,M015;M043;M044;M076;M077,12,1,1,2,C0052;C0053;C0054;C0055;C0780;C0785;C0787;C0792;C0793;C0794;C0795;C0796
C0061,headline,posture,euclidean,3,M007;M009;M010,6,1,1,2,C0009;C0010;C0061;C0062;C0280;C0281
C0062,headline,posture,euclidean,3,M007;M009;M010,6,1,1,2,C0009;C0010;C0061;C0062;C0280;C0281
C0068,headline,v1_markers,euclidean,4,M045;M056;M058;M059,9,1,1,3,C0032;C0068;C0078;C0082;C0557;C0561;C0563;C1180;C1216
C0071,headline,values_disclosure,euclidean,4,M003;M021;M027;M037,9,1,1,3,C0071;C0072;C0083;C0093;C0100;C0620;C1088;C1260;C1314
C0072,headline,values_disclosure,euclidean,4,M003;M021;M027;M037,9,1,1,3,C0071;C0072;C0083;C0093;C0100;C0620;C1088;C1260;C1314
C0074,headline,freeflow_form,euclidean,5,M010;M035;M050;M051;M083,12,1,1,2,C0001;C0002;C0003;C0074;C0113;C0120;C0910;C1040;C1041;C1043;C1159;C1200
C0075,headline,freeflow_form,euclidean,5,M016;M053;M056;M057;M082,13,1,1,2,C0075;C0088;C0096;C0099;C1323;C1343;C1367;C1383;C1401;C1456;C1490;C1521;C1541
C0078,headline,v1_markers,euclidean,4,M045;M056;M058;M059,9,1,1,3,C0032;C0068;C0078;C0082;C0557;C0561;C0563;C1180;C1216
C0082,headline,v1_markers,euclidean,4,M045;M056;M058;M059,9,1,1,3,C0032;C0068;C0078;C0082;C0557;C0561;C0563;C1180;C1216
C0083,headline,values_disclosure,euclidean,4,M003;M021;M027;M037,9,1,1,3,C0071;C0072;C0083;C0093;C0100;C0620;C1088;C1260;C1314
C0085,headline,values_disclosure,euclidean,3,M007;M028;M032,6,1,1,2,C0043;C0044;C0085;C0090;C0655;C1006
C0086,headline,values_disclosure,euclidean,4,M012;M015;M038;M040,9,1,1,3,C0045;C0086;C0087;C0103;C0990;C0995;C1143;C1264;C1316
C0087,headline,values_disclosure,euclidean,4,M012;M015;M038;M040,9,1,1,3,C0045;C0086;C0087;C0103;C0990;C0995;C1143;C1264;C1316
C0088,headline,freeflow_form,euclidean,5,M016;M053;M056;M057;M082,13,1,1,2,C0075;C0088;C0096;C0099;C1323;C1343;C1367;C1383;C1401;C1456;C1490;C1521;C1541
C0090,headline,values_disclosure,euclidean,3,M007;M028;M032,6,1,1,2,C0043;C0044;C0085;C0090;C0655;C1006
C0093,headline,values_disclosure,euclidean,4,M003;M021;M027;M037,9,1,1,3,C0071;C0072;C0083;C0093;C0100;C0620;C1088;C1260;C1314
C0096,headline,freeflow_form,euclidean,5,M016;M053;M056;M057;M082,13,1,1,2,C0075;C0088;C0096;C0099;C1323;C1343;C1367;C1383;C1401;C1456;C1490;C1521;C1541
C0099,headline,freeflow_form,euclidean,5,M016;M053;M056;M057;M082,13,1,1,2,C0075;C0088;C0096;C0099;C1323;C1343;C1367;C1383;C1401;C1456;C1490;C1521;C1541
C0100,headline,values_disclosure,euclidean,3,M003;M021;M037,9,1,1,3,C0071;C0072;C0083;C0093;C0100;C1088;C1259;C1260;C1288
C0103,headline,values_disclosure,euclidean,3,M012;M038;M040,7,1,1,3,C0045;C0086;C0087;C0103;C0998;C1143;C1264
C0105,support,freeflow_form,euclidean,10,M005;M021;M032;M033;M036;M037;M039;M043;M052;M072,6,1,1,1,C0105;C0129;C0130;C0134;C1110;C1279
C0106,support,freeflow_form,euclidean,10,M010;M035;M036;M038;M039;M045;M050;M051;M058;M083,15,1,1,2,C0001;C0002;C0003;C0106;C0107;C0110;C0111;C0112;C0113;C0138;C0901;C0903;C0906;C0921;C1115
C0107,support,freeflow_form,euclidean,10,M010;M035;M036;M039;M045;M050;M051;M058;M060;M083,15,1,1,2,C0001;C0002;C0003;C0106;C0107;C0111;C0138;C0901;C0906;C0907;C0909;C0921;C1052;C1053;C1115
C0108,support,freeflow_form,euclidean,10,M010;M035;M038;M039;M044;M045;M050;M051;M059;M083,13,1,1,1,C0108;C0109;C0110;C0111;C0112;C0113;C0114;C0116;C0904;C0906;C1039;C1040;C1043
C0109,support,freeflow_form,euclidean,9,M010;M035;M038;M039;M044;M050;M051;M052;M059,7,1,1,1,C0108;C0109;C0902;C0905;C1038;C1046;C1241
C0110,support,freeflow_form,euclidean,10,M010;M035;M038;M039;M045;M050;M051;M058;M059;M083,19,1,1,2,C0001;C0002;C0003;C0106;C0108;C0110;C0111;C0112;C0113;C0114;C0118;C0901;C0903;C0906;C0907;C0908;C1039;C1040;C1043
C0111,support,freeflow_form,euclidean,9,M010;M035;M038;M039;M045;M050;M051;M058;M083,18,1,1,2,C0001;C0002;C0003;C0106;C0107;C0108;C0110;C0111;C0112;C0113;C0901;C0903;C0906;C0908;C0909;C0921;C1039;C1052
C0112,support,freeflow_form,euclidean,9,M010;M035;M038;M039;M045;M050;M051;M059;M083,15,1,1,1,C0106;C0108;C0110;C0111;C0112;C0113;C0114;C0119;C0903;C0904;C0906;C0908;C1039;C1040;C1043
C0113,support,freeflow_form,euclidean,7,M010;M035;M038;M039;M050;M051;M083,13,1,1,2,C0074;C0106;C0108;C0110;C0111;C0112;C0113;C0902;C0903;C1040;C1041;C1159;C1471
C0114,support,freeflow_form,euclidean,9,M010;M035;M038;M044;M045;M050;M051;M059;M083,13,1,1,1,C0108;C0110;C0112;C0114;C0115;C0116;C0119;C0904;C0905;C0908;C1039;C1040;C1043
C0115,support,freeflow_form,euclidean,8,M010;M035;M044;M045;M049;M050;M051;M059,9,1,1,1,C0114;C0115;C0116;C0118;C0119;C0904;C1042;C1044;C1199
C0116,support,freeflow_form,euclidean,9,M010;M035;M044;M045;M049;M050;M051;M059;M083,12,1,1,1,C0108;C0114;C0115;C0116;C0117;C0118;C0119;C0904;C0908;C1039;C1042;C1043
C0117,support,freeflow_form,euclidean,10,M010;M035;M045;M049;M050;M051;M058;M059;M060;M083,14,1,1,2,C0001;C0002;C0003;C0116;C0117;C0118;C0119;C0906;C0907;C0908;C0909;C1042;C1043;C1053
C0118,support,freeflow_form,euclidean,9,M010;M035;M045;M049;M050;M051;M058;M059;M083,17,1,1,2,C0001;C0002;C0003;C0110;C0115;C0116;C0117;C0118;C0119;C0904;C0906;C0907;C0908;C0909;C1039;C1042;C1043
C0119,support,freeflow_form,euclidean,8,M010;M035;M045;M049;M050;M051;M059;M083,18,1,1,1,C0112;C0114;C0115;C0116;C0117;C0118;C0119;C0120;C0904;C0906;C0907;C0908;C0910;C1039;C1042;C1043;C1044;C1199
C0120,support,freeflow_form,euclidean,6,M010;M035;M050;M051;M059;M083,13,1,1,2,C0074;C0119;C0120;C0908;C0910;C1039;C1040;C1041;C1043;C1044;C1045;C1159;C1238
C0121,support,freeflow_form,euclidean,9,M010;M037;M038;M039;M044;M050;M051;M052;M083,4,1,1,1,C0121;C0902;C1046;C1047
C0122,support,freeflow_form,euclidean,10,M013;M017;M019;M072;M074;M077;M078;M079;M080;M081,4,1,1,1,C0122;C0125;C0126;C0911
C0123,support,freeflow_form,euclidean,10,M017;M019;M041;M047;M075;M076;M077;M078;M079;M080,4,1,1,1,C0123;C0124;C0127;C0139
C0124,support,freeflow_form,euclidean,9,M017;M019;M041;M047;M076;M077;M078;M079;M080,4,1,1,1,C0123;C0124;C0127;C0139
C0125,support,freeflow_form,euclidean,8,M017;M019;M072;M074;M077;M078;M079;M081,5,1,1,1,C0122;C0125;C0126;C0128;C0911
C0126,support,freeflow_form,euclidean,7,M017;M019;M074;M077;M078;M079;M081,6,1,1,1,C0122;C0125;C0126;C0128;C0911;C0922
C0127,support,freeflow_form,euclidean,8,M019;M041;M047;M076;M077;M078;M079;M080,5,1,1,1,C0123;C0124;C0127;C0139;C0140
C0128,support,freeflow_form,euclidean,6,M019;M074;M077;M078;M079;M081,4,1,1,1,C0125;C0126;C0128;C0922
C0129,support,freeflow_form,euclidean,8,M021;M032;M033;M036;M037;M039;M043;M052,15,1,1,1,C0105;C0129;C0130;C0131;C0132;C0134;C0913;C0914;C0917;C1048;C1050;C1110;C1112;C1114;C1279
C0130,support,freeflow_form,euclidean,9,M021;M032;M033;M036;M037;M039;M043;M052;M073,10,1,1,1,C0105;C0129;C0130;C0134;C0913;C0914;C0915;C1048;C1110;C1279
C0131,support,freeflow_form,euclidean,9,M021;M033;M036;M037;M038;M039;M043;M052;M076,10,1,1,1,C0129;C0131;C0132;C0134;C0912;C0913;C0914;C0915;C0916;C0919
C0132,support,freeflow_form,euclidean,9,M021;M033;M036;M037;M038;M039;M043;M052;M083,15,1,1,1,C0129;C0131;C0132;C0133;C0134;C0136;C0912;C0913;C0914;C0915;C0916;C0917;C0919;C1049;C1051
C0133,support,freeflow_form,euclidean,10,M021;M033;M036;M037;M039;M043;M050;M052;M058;M083,7,1,1,1,C0132;C0133;C0134;C0912;C0917;C1049;C1051
C0134,support,freeflow_form,euclidean,7,M021;M033;M036;M037;M039;M043;M052,23,1,1,1,C0105;C0129;C0130;C0131;C0132;C0133;C0134;C0912;C0913;C0914;C0915;C0916;C0917;C0919;C0920;C1048;C1050;C1051;C1110;C1113;C1114;C1202;C1279
C0135,support,freeflow_form,euclidean,9,M021;M036;M037;M038;M039;M050;M051;M052;M083,6,1,1,1,C0135;C0136;C0912;C0918;C1049;C1118
C0136,support,freeflow_form,euclidean,8,M021;M036;M037;M038;M039;M050;M052;M083,10,1,1,1,C0132;C0135;C0136;C0137;C0912;C0917;C0918;C1049;C1118;C1163
C0137,support,freeflow_form,euclidean,6,M021;M036;M037;M038;M039;M052,7,1,1,1,C0136;C0137;C0913;C0919;C0920;C1050;C1242
C0138,support,freeflow_form,euclidean,9,M035;M036;M039;M045;M050;M051;M058;M060;M083,9,1,1,1,C0106;C0107;C0138;C0901;C0909;C0921;C1052;C1053;C1115
C0139,support,freeflow_form,euclidean,7,M041;M047;M076;M077;M078;M079;M080,6,1,1,1,C0123;C0124;C0127;C0139;C0140;C0141
C0140,support,freeflow_form,euclidean,6,M041;M076;M077;M078;M079;M080,4,1,1,1,C0127;C0139;C0140;C0141
C0142,support,posture,euclidean,9,M002;M003;M004;M012;M015;M021;M027;M035;M046,9,1,1,1,C0142;C0143;C0144;C0145;C0146;C0154;C0211;C0242;C0243
C0143,support,posture,euclidean,10,M002;M003;M004;M012;M015;M021;M027;M035;M046;M079,10,1,1,1,C0142;C0143;C0144;C0146;C0148;C0154;C0211;C0241;C0242;C0243
C0144,support,posture,euclidean,9,M002;M003;M004;M012;M015;M022;M027;M035;M046,9,1,1,1,C0142;C0143;C0144;C0145;C0146;C0150;C0152;C0154;C0211
C0145,support,posture,euclidean,10,M002;M003;M004;M012;M015;M022;M027;M035;M046;M077,10,1,1,1,C0142;C0144;C0145;C0146;C0150;C0151;C0152;C0154;C0155;C0172
C0146,support,posture,euclidean,8,M002;M003;M004;M012;M015;M027;M035;M046,8,1,1,1,C0142;C0143;C0144;C0145;C0146;C0153;C0154;C0211
C0147,support,posture,euclidean,10,M002;M003;M004;M015;M021;M022;M027;M035;M079;M080,4,1,1,1,C0147;C0148;C0157;C0159
C0148,support,posture,euclidean,9,M002;M003;M004;M015;M021;M027;M035;M079;M080,6,1,1,1,C0143;C0147;C0148;C0156;C0157;C0159
C0149,support,posture,euclidean,10,M002;M003;M004;M015;M022;M024;M047;M050;M051;M077,4,1,1,1,C0149;C0212;C0925;C0926
C0150,support,posture,euclidean,10,M002;M003;M004;M015;M022;M025;M027;M035;M046;M077,10,1,1,1,C0144;C0145;C0150;C0151;C0152;C0154;C0155;C0167;C0168;C0172
C0151,support,posture,euclidean,9,M002;M003;M004;M015;M022;M025;M027;M035;M077,8,1,1,1,C0145;C0150;C0151;C0152;C0155;C0168;C0171;C0172
C0152,support,posture,euclidean,8,M002;M003;M004;M015;M022;M027;M035;M077,11,1,1,1,C0144;C0145;C0150;C0151;C0152;C0153;C0155;C0170;C0171;C0172;C0176
C0153,support,posture,euclidean,6,M002;M003;M004;M015;M027;M035,9,1,1,1,C0146;C0152;C0153;C0154;C0155;C0158;C0163;C0175;C0176
C0154,support,posture,euclidean,7,M002;M003;M004;M015;M027;M035;M046,11,1,1,1,C0142;C0143;C0144;C0145;C0146;C0150;C0153;C0154;C0155;C0163;C0175
C0155,support,posture,euclidean,7,M002;M003;M004;M015;M027;M035;M077,12,1,1,1,C0145;C0150;C0151;C0152;C0153;C0154;C0155;C0163;C0172;C0175;C0176;C0200
C0156,support,posture,euclidean,10,M002;M003;M004;M021;M027;M035;M054;M055;M079;M080,7,1,1,1,C0148;C0156;C0157;C0159;C0164;C0251;C0253
C0157,support,posture,euclidean,8,M002;M003;M004;M021;M027;M035;M079;M080,7,1,1,1,C0147;C0148;C0156;C0157;C0158;C0159;C0164
C0158,support,posture,euclidean,6,M002;M003;M004;M027;M035;M079,5,1,1,1,C0153;C0157;C0158;C0159;C0166
C0159,support,posture,euclidean,7,M002;M003;M004;M027;M035;M079;M080,7,1,1,1,C0147;C0148;C0156;C0157;C0158;C0159;C0166
C0160,support,posture,euclidean,10,M002;M003;M012;M015;M016;M022;M024;M035;M040;M046,8,1,1,1,C0160;C0161;C0229;C0235;C0237;C0238;C0246;C0295
C0161,support,posture,euclidean,9,M002;M003;M012;M015;M016;M022;M035;M040;M046,11,1,1,1,C0160;C0161;C0228;C0229;C0233;C0235;C0236;C0237;C0246;C0294;C0295
C0162,support,posture,euclidean,10,M002;M003;M012;M015;M022;M035;M046;M047;M050;M077,11,1,1,1,C0162;C0173;C0182;C0183;C0186;C0189;C0191;C0192;C0195;C0197;C0298
C0163,support,posture,euclidean,5,M002;M003;M015;M027;M035,5,1,1,1,C0153;C0154;C0155;C0163;C0165
C0164,support,posture,euclidean,9,M002;M003;M021;M027;M035;M054;M055;M079;M080,5,1,1,1,C0156;C0157;C0164;C0251;C0253
C0165,support,posture,euclidean,4,M002;M003;M027;M035,4,1,1,1,C0163;C0165;C0166;C0203
C0166,support,posture,euclidean,5,M002;M003;M027;M035;M079,5,1,1,1,C0158;C0159;C0165;C0166;C0205
C0167,support,posture,euclidean,9,M002;M004;M015;M022;M025;M027;M035;M040;M046,5,1,1,1,C0150;C0167;C0168;C0177;C0179
C0168,support,posture,euclidean,10,M002;M004;M015;M022;M025;M027;M035;M040;M046;M077,7,1,1,1,C0150;C0151;C0167;C0168;C0172;C0177;C0179
C0169,support,posture,euclidean,10,M002;M004;M015;M022;M027;M035;M046;M047;M050;M077,13,1,1,1,C0169;C0170;C0171;C0172;C0173;C0174;C0182;C0186;C0189;C0191;C0192;C0195;C0197
C0170,support,posture,euclidean,9,M002;M004;M015;M022;M027;M035;M047;M050;M077,11,1,1,1,C0152;C0169;C0170;C0171;C0172;C0173;C0174;C0184;C0191;C0194;C0195
C0171,support,posture,euclidean,8,M002;M004;M015;M022;M027;M035;M047;M077,9,1,1,1,C0151;C0152;C0169;C0170;C0171;C0172;C0173;C0174;C0176
C0172,support,posture,euclidean,7,M002;M004;M015;M022;M027;M035;M077,13,1,1,1,C0145;C0150;C0151;C0152;C0155;C0168;C0169;C0170;C0171;C0172;C0175;C0176;C0200
C0173,support,posture,euclidean,9,M002;M004;M015;M022;M035;M046;M047;M050;M077,17,1,1,1,C0162;C0169;C0170;C0171;C0173;C0174;C0182;C0183;C0185;C0186;C0188;C0189;C0191;C0192;C0194;C0195;C0197
C0174,support,posture,euclidean,8,M002;M004;M015;M022;M035;M047;M050;M077,13,1,1,1,C0169;C0170;C0171;C0173;C0174;C0182;C0186;C0187;C0189;C0191;C0194;C0195;C0198
C0175,support,posture,euclidean,5,M002;M004;M015;M027;M035,7,1,1,1,C0153;C0154;C0155;C0172;C0175;C0176;C0180
C0176,support,posture,euclidean,6,M002;M004;M015;M027;M035;M077,8,1,1,1,C0152;C0153;C0155;C0171;C0172;C0175;C0176;C0200
C0177,support,posture,euclidean,8,M002;M004;M022;M025;M027;M035;M040;M046,5,1,1,1,C0167;C0168;C0177;C0178;C0179
C0178,support,posture,euclidean,6,M002;M004;M022;M025;M035;M040,4,1,1,1,C0177;C0178;C0179;C0924
C0179,support,posture,euclidean,7,M002;M004;M022;M025;M035;M040;M046,6,1,1,1,C0167;C0168;C0177;C0178;C0179;C0924
C0180,support,posture,euclidean,4,M002;M004;M027;M035,4,1,1,1,C0175;C0180;C0181;C0203
C0181,support,posture,euclidean,3,M002;M004;M035,2,1,1,1,C0180;C0181
C0182,support,posture,euclidean,9,M002;M012;M015;M022;M035;M046;M047;M050;M077,16,1,1,1,C0162;C0169;C0173;C0174;C0182;C0183;C0185;C0186;C0188;C0189;C0191;C0192;C0194;C0195;C0197;C0298
C0183,support,posture,euclidean,8,M002;M012;M015;M022;M035;M046;M047;M077,10,1,1,1,C0162;C0173;C0182;C0183;C0186;C0189;C0191;C0193;C0298;C0299
C0184,support,posture,euclidean,10,M002;M015;M022;M024;M027;M035;M047;M050;M053;M077,6,1,1,1,C0170;C0184;C0186;C0187;C0194;C0195
C0185,support,posture,euclidean,10,M002;M015;M022;M024;M035;M040;M046;M047;M050;M077,11,1,1,1,C0173;C0182;C0185;C0186;C0187;C0188;C0189;C0191;C0192;C0195;C0197
C0186,support,posture,euclidean,9,M002;M015;M022;M024;M035;M046;M047;M050;M077,18,1,1,1,C0162;C0169;C0173;C0174;C0182;C0183;C0184;C0185;C0186;C0187;C0188;C0189;C0191;C0192;C0194;C0195;C0197;C0304
C0187,support,posture,euclidean,9,M002;M015;M022;M024;M035;M047;M050;M053;M077,8,1,1,1,C0174;C0184;C0185;C0186;C0187;C0191;C0194;C0195
C0188,support,posture,euclidean,10,M002;M015;M022;M025;M035;M040;M046;M047;M050;M077,10,1,1,1,C0173;C0182;C0185;C0186;C0188;C0189;C0191;C0192;C0195;C0197
C0189,support,posture,euclidean,9,M002;M015;M022;M025;M035;M046;M047;M050;M077,15,1,1,1,C0162;C0169;C0173;C0174;C0182;C0183;C0185;C0186;C0188;C0189;C0191;C0192;C0194;C0195;C0197
C0190,support,posture,euclidean,5,M002;M015;M022;M035;M046,4,1,1,1,C0190;C0192;C0193;C0196
C0191,support,posture,euclidean,8,M002;M015;M022;M035;M046;M047;M050;M077,19,1,1,1,C0162;C0169;C0170;C0173;C0174;C0182;C0183;C0185;C0186;C0187;C0188;C0189;C0191;C0192;C0193;C0194;C0195;C0197;C0198
C0192,support,posture,euclidean,7,M002;M015;M022;M035;M046;M050;M077,16,1,1,1,C0162;C0169;C0173;C0182;C0185;C0186;C0188;C0189;C0190;C0191;C0192;C0193;C0195;C0197;C0199;C0310
C0193,support,posture,euclidean,6,M002;M015;M022;M035;M046;M077,7,1,1,1,C0183;C0190;C0191;C0192;C0193;C0299;C0310
C0194,support,posture,euclidean,8,M002;M015;M022;M035;M047;M050;M053;M077,12,1,1,1,C0170;C0173;C0174;C0182;C0184;C0186;C0187;C0189;C0191;C0194;C0195;C0198
C0195,support,posture,euclidean,7,M002;M015;M022;M035;M047;M050;M077,20,1,1,1,C0162;C0169;C0170;C0173;C0174;C0182;C0184;C0185;C0186;C0187;C0188;C0189;C0191;C0192;C0194;C0195;C0197;C0198;C0199;C0314
C0196,support,posture,euclidean,4,M002;M015;M022;M046,3,1,1,1,C0190;C0196;C0313
C0197,support,posture,euclidean,7,M002;M015;M022;M046;M047;M050;M077,15,1,1,1,C0162;C0169;C0173;C0182;C0185;C0186;C0188;C0189;C0191;C0192;C0195;C0197;C0198;C0199;C0314
C0198,support,posture,euclidean,6,M002;M015;M022;M047;M050;M077,8,1,1,1,C0174;C0191;C0194;C0195;C0197;C0198;C0199;C0314
C0199,support,posture,euclidean,5,M002;M015;M022;M050;M077,6,1,1,1,C0192;C0195;C0197;C0198;C0199;C0201
C0200,support,posture,euclidean,5,M002;M015;M027;M035;M077,8,1,1,2,C0004;C0005;C0006;C0155;C0172;C0176;C0200;C0204
C0201,support,posture,euclidean,4,M002;M015;M050;M077,3,1,1,1,C0199;C0201;C0202
C0202,support,posture,euclidean,3,M002;M015;M077,2,1,1,1,C0201;C0202
C0203,support,posture,euclidean,3,M002;M027;M035,8,1,1,2,C0004;C0005;C0006;C0165;C0180;C0203;C0204;C0205
C0204,support,posture,euclidean,4,M002;M027;M035;M077,7,1,1,2,C0004;C0005;C0006;C0200;C0203;C0204;C0206
C0205,support,posture,euclidean,4,M002;M027;M035;M079,3,1,1,1,C0166;C0203;C0205
C0206,support,posture,euclidean,3,M002;M035;M077,5,1,1,2,C0004;C0005;C0006;C0204;C0206
C0207,support,posture,euclidean,10,M002;M043;M044;M045;M047;M049;M050;M077;M078;M082,6,1,1,1,C0207;C0208;C0209;C0210;C0944;C0946
C0208,support,posture,euclidean,10,M002;M043;M044;M045;M049;M050;M077;M078;M081;M082,8,1,1,1,C0207;C0208;C0209;C0210;C0340;C0341;C0944;C0946
C0209,support,posture,euclidean,9,M002;M043;M044;M045;M049;M050;M077;M078;M082,7,1,1,1,C0207;C0208;C0209;C0210;C0340;C0944;C0946
C0210,support,posture,euclidean,8,M002;M043;M044;M049;M050;M077;M078;M082,7,1,1,1,C0207;C0208;C0209;C0210;C0944;C0946;C1125
C0211,support,posture,euclidean,8,M003;M004;M012;M015;M021;M027;M035;M046,10,1,1,1,C0142;C0143;C0144;C0146;C0211;C0240;C0241;C0242;C0243;C0244
C0213,support,posture,euclidean,9,M003;M011;M012;M015;M021;M034;M036;M037;M038,12,1,1,1,C0213;C0214;C0215;C0216;C0217;C0218;C0219;C0220;C0221;C0223;C0927;C0929
C0219,support,posture,euclidean,10,M003;M011;M012;M021;M034;M036;M037;M038;M047;M053,8,1,1,1,C0213;C0216;C0217;C0219;C0220;C0221;C0223;C0929
C0220,support,posture,euclidean,9,M003;M011;M012;M021;M034;M036;M037;M038;M053,12,1,1,1,C0213;C0214;C0215;C0216;C0217;C0218;C0219;C0220;C0221;C0223;C0927;C0929
C0223,support,posture,euclidean,7,M003;M011;M012;M034;M036;M037;M038,15,1,1,1,C0213;C0214;C0216;C0217;C0218;C0219;C0220;C0221;C0223;C0927;C0928;C0929;C0933;C0937;C1054
C0224,support,posture,euclidean,10,M003;M012;M013;M016;M021;M024;M046;M052;M071;M076,4,1,1,1,C0224;C0225;C0226;C0227
C0225,support,posture,euclidean,9,M003;M012;M013;M021;M024;M046;M052;M071;M076,4,1,1,1,C0224;C0225;C0226;C0227
C0226,support,posture,euclidean,8,M003;M012;M013;M021;M024;M046;M052;M076,5,1,1,1,C0224;C0225;C0226;C0227;C1205
C0227,support,posture,euclidean,7,M003;M012;M013;M021;M024;M046;M076,6,1,1,1,C0224;C0225;C0226;C0227;C1205;C1475
C0228,support,posture,euclidean,10,M003;M012;M015;M016;M021;M022;M035;M038;M040;M046,9,1,1,1,C0161;C0228;C0229;C0233;C0234;C0235;C0237;C0246;C0295
C0229,support,posture,euclidean,9,M003;M012;M015;M016;M021;M022;M035;M040;M046,13,1,1,1,C0160;C0161;C0228;C0229;C0230;C0233;C0234;C0235;C0236;C0237;C0246;C0294;C0295
C0230,support,posture,euclidean,10,M003;M012;M015;M016;M021;M024;M035;M040;M046;M052,7,1,1,1,C0229;C0230;C0231;C0233;C0234;C0238;C0239
C0231,support,posture,euclidean,9,M003;M012;M015;M016;M021;M024;M040;M046;M052,5,1,1,1,C0230;C0231;C0233;C0238;C0239
C0232,support,posture,euclidean,10,M003;M012;M015;M016;M021;M027;M035;M038;M046;M079,5,1,1,1,C0232;C0234;C0241;C0242;C0243
C0233,support,posture,euclidean,8,M003;M012;M015;M016;M021;M035;M040;M046,10,1,1,1,C0161;C0228;C0229;C0230;C0231;C0233;C0234;C0235;C0237;C0244
C0234,support,posture,euclidean,7,M003;M012;M015;M016;M021;M035;M046,9,1,1,1,C0228;C0229;C0230;C0232;C0233;C0234;C0242;C0244;C0245
C0235,support,posture,euclidean,9,M003;M012;M015;M016;M022;M025;M035;M040;M046,11,1,1,1,C0160;C0161;C0228;C0229;C0233;C0235;C0236;C0237;C0246;C0294;C0295
C0236,support,posture,euclidean,10,M003;M012;M015;M016;M022;M025;M035;M040;M046;M050,8,1,1,1,C0161;C0229;C0235;C0236;C0237;C0246;C0294;C0295
C0237,support,posture,euclidean,8,M003;M012;M015;M016;M022;M035;M040;M046,12,1,1,1,C0160;C0161;C0228;C0229;C0233;C0235;C0236;C0237;C0246;C0294;C0295;C0297
C0238,support,posture,euclidean,7,M003;M012;M015;M016;M024;M040;M046,7,1,1,1,C0160;C0230;C0231;C0238;C0239;C0296;C0303
C0239,support,posture,euclidean,8,M003;M012;M015;M016;M024;M040;M046;M052,5,1,1,1,C0230;C0231;C0238;C0239;C0296
C0240,support,posture,euclidean,6,M003;M012;M015;M021;M027;M035,6,1,1,1,C0211;C0240;C0242;C0243;C0244;C0249
C0241,support,posture,euclidean,9,M003;M012;M015;M021;M027;M035;M038;M046;M079,6,1,1,1,C0143;C0211;C0232;C0241;C0242;C0243
C0242,support,posture,euclidean,7,M003;M012;M015;M021;M027;M035;M046,12,1,1,1,C0142;C0143;C0211;C0232;C0234;C0240;C0241;C0242;C0243;C0244;C0245;C0249
C0243,support,posture,euclidean,8,M003;M012;M015;M021;M027;M035;M046;M079,9,1,1,1,C0142;C0143;C0211;C0232;C0240;C0241;C0242;C0243;C0244
C0244,support,posture,euclidean,6,M003;M012;M015;M021;M035;M046,8,1,1,1,C0211;C0233;C0234;C0240;C0242;C0243;C0244;C0245
C0245,support,posture,euclidean,5,M003;M012;M015;M021;M046,5,1,1,1,C0234;C0242;C0244;C0245;C0247
C0246,support,posture,euclidean,7,M003;M012;M015;M022;M035;M040;M046,12,1,1,1,C0160;C0161;C0228;C0229;C0235;C0236;C0237;C0246;C0295;C0297;C0300;C0301
C0247,support,posture,euclidean,4,M003;M012;M015;M046,3,1,1,1,C0245;C0247;C1055
C0250,support,posture,euclidean,4,M003;M012;M021;M035,5,1,1,2,C0060;C0248;C0249;C0250;C0252
C0251,support,posture,euclidean,8,M003;M021;M027;M035;M054;M055;M079;M080,5,1,1,1,C0156;C0164;C0251;C0253;C0331
C0252,support,posture,euclidean,3,M003;M021;M035,2,1,1,1,C0250;C0252
C0253,support,posture,euclidean,7,M003;M027;M035;M054;M055;M079;M080,6,1,1,1,C0156;C0164;C0251;C0253;C0331;C0333
C0254,support,posture,euclidean,10,M004;M012;M015;M016;M022;M024;M035;M046;M050;M052,6,1,1,1,C0254;C0255;C0256;C0257;C0259;C0305
C0255,support,posture,euclidean,9,M004;M012;M015;M016;M024;M035;M046;M050;M052,5,1,1,1,C0254;C0255;C0256;C0257;C0259
C0256,support,posture,euclidean,8,M004;M012;M015;M016;M024;M035;M046;M052,5,1,1,1,C0254;C0255;C0256;C0257;C0258
C0257,support,posture,euclidean,7,M004;M012;M015;M016;M024;M046;M052,6,1,1,1,C0254;C0255;C0256;C0257;C0258;C0930
C0258,support,posture,euclidean,6,M004;M012;M015;M024;M046;M052,4,1,1,1,C0256;C0257;C0258;C0930
C0259,support,posture,euclidean,10,M004;M015;M016;M022;M024;M035;M046;M047;M050;M052,6,1,1,1,C0254;C0255;C0259;C0304;C0305;C0308
C0260,support,posture,euclidean,10,M004;M027;M028;M032;M033;M054;M055;M073;M079;M080,7,1,1,1,C0260;C0323;C0324;C0325;C0326;C0328;C0337
C0265,support,posture,euclidean,10,M005;M007;M009;M010;M030;M032;M054;M055;M079;M080,10,1,1,1,C0261;C0264;C0265;C0266;C0267;C0268;C0270;C0271;C0272;C0274
C0270,support,posture,euclidean,10,M005;M009;M010;M027;M030;M032;M054;M055;M079;M080,10,1,1,1,C0261;C0265;C0266;C0267;C0270;C0271;C0272;C0274;C0276;C0277
C0274,support,posture,euclidean,9,M005;M009;M027;M030;M032;M054;M055;M079;M080,7,1,1,1,C0261;C0265;C0270;C0271;C0274;C0276;C0277
C0276,support,posture,euclidean,8,M005;M027;M030;M032;M054;M055;M079;M080,6,1,1,1,C0270;C0274;C0276;C0277;C0278;C0932
C0277,support,posture,euclidean,7,M005;M027;M032;M054;M055;M079;M080,8,1,1,1,C0270;C0274;C0276;C0277;C0278;C0328;C0333;C0943
C0278,support,posture,euclidean,6,M005;M027;M054;M055;M079;M080,6,1,1,1,C0276;C0277;C0278;C0330;C0331;C0333
C0279,support,posture,euclidean,7,M005;M028;M030;M032;M054;M055;M080,6,1,1,1,C0271;C0272;C0279;C0931;C0932;C1056
C0280,support,posture,euclidean,3,M007;M009;M010,6,1,1,2,C0009;C0010;C0061;C0062;C0280;C0281
C0283,support,posture,euclidean,10,M011;M015;M022;M024;M027;M035;M047;M050;M053;M054,4,1,1,1,C0283;C0284;C0285;C0286
C0284,support,posture,euclidean,9,M011;M015;M022;M024;M027;M047;M050;M053;M054,4,1,1,1,C0283;C0284;C0285;C0286
C0285,support,posture,euclidean,7,M011;M015;M022;M024;M047;M050;M053,6,1,1,1,C0283;C0284;C0285;C0286;C0287;C0935
C0286,support,posture,euclidean,8,M011;M015;M022;M024;M047;M050;M053;M054,5,1,1,1,C0283;C0284;C0285;C0286;C0287
C0287,support,posture,euclidean,6,M011;M015;M022;M024;M047;M053,4,1,1,1,C0285;C0286;C0287;C0935
C0288,support,posture,euclidean,10,M011;M015;M022;M025;M036;M038;M040;M046;M047;M053,4,1,1,1,C0288;C0289;C0290;C0292
C0289,support,posture,euclidean,9,M011;M015;M022;M036;M038;M040;M046;M047;M053,4,1,1,1,C0288;C0289;C0290;C0292
C0290,support,posture,euclidean,8,M011;M015;M022;M036;M038;M046;M047;M053,5,1,1,1,C0288;C0289;C0290;C0291;C0292
C0291,support,posture,euclidean,6,M011;M015;M022;M036;M038;M047,4,1,1,1,C0290;C0291;C0292;C0934
C0292,support,posture,euclidean,7,M011;M015;M022;M036;M038;M047;M053,6,1,1,1,C0288;C0289;C0290;C0291;C0292;C0934
C0293,support,posture,euclidean,6,M011;M021;M034;M036;M037;M038,7,1,1,1,C0216;C0293;C0929;C0933;C0937;C1054;C1167
C0294,support,posture,euclidean,8,M012;M015;M016;M022;M025;M035;M040;M046,8,1,1,1,C0161;C0229;C0235;C0236;C0237;C0294;C0295;C0297
C0295,support,posture,euclidean,7,M012;M015;M016;M022;M035;M040;M046,13,1,1,1,C0160;C0161;C0228;C0229;C0235;C0236;C0237;C0246;C0294;C0295;C0297;C0300;C0301
C0296,support,posture,euclidean,6,M012;M015;M016;M024;M040;M046,4,1,1,1,C0238;C0239;C0296;C0303
C0297,support,posture,euclidean,6,M012;M015;M022;M035;M040;M046,8,1,1,1,C0237;C0246;C0294;C0295;C0297;C0299;C0300;C0301
C0298,support,posture,euclidean,7,M012;M015;M022;M035;M046;M047;M077,6,1,1,1,C0162;C0182;C0183;C0298;C0299;C0310
C0299,support,posture,euclidean,6,M012;M015;M022;M035;M046;M077,6,1,1,1,C0183;C0193;C0297;C0298;C0299;C0310
C0300,support,posture,euclidean,5,M012;M015;M022;M040;M046,6,1,1,1,C0246;C0295;C0297;C0300;C0302;C0312
C0301,support,posture,euclidean,5,M012;M015;M035;M040;M046,5,1,1,1,C0246;C0295;C0297;C0301;C0302
C0302,support,posture,euclidean,4,M012;M015;M040;M046,4,1,1,1,C0300;C0301;C0302;C0315
C0303,support,posture,euclidean,5,M012;M016;M024;M040;M046,4,1,1,1,C0238;C0296;C0303;C1058
C0304,support,posture,euclidean,8,M015;M016;M022;M024;M035;M046;M047;M050,6,1,1,1,C0186;C0259;C0304;C0305;C0307;C0308
C0305,support,posture,euclidean,9,M015;M016;M022;M024;M035;M046;M047;M050;M052,5,1,1,1,C0254;C0259;C0304;C0305;C0308
C0306,support,posture,euclidean,5,M015;M016;M022;M024;M046,4,1,1,1,C0306;C0307;C0308;C0938
C0307,support,posture,euclidean,6,M015;M016;M022;M024;M046;M047,4,1,1,1,C0304;C0306;C0307;C0308
C0308,support,posture,euclidean,7,M015;M016;M022;M024;M046;M047;M050,6,1,1,1,C0259;C0304;C0305;C0306;C0307;C0308
C0309,support,posture,euclidean,3,M015;M022;M035,2,1,1,1,C0309;C0311
C0310,support,posture,euclidean,5,M015;M022;M035;M046;M077,6,1,1,1,C0192;C0193;C0298;C0299;C0310;C0311
C0311,support,posture,euclidean,4,M015;M022;M035;M077,3,1,1,1,C0309;C0310;C0311
C0312,support,posture,euclidean,4,M015;M022;M040;M046,4,1,1,1,C0300;C0312;C0313;C0315
C0313,support,posture,euclidean,3,M015;M022;M046,3,1,1,1,C0196;C0312;C0313
C0314,support,posture,euclidean,5,M015;M022;M047;M050;M077,5,1,1,1,C0195;C0197;C0198;C0314;C0317
C0315,support,posture,euclidean,3,M015;M040;M046,3,1,1,1,C0302;C0312;C0315
C0317,support,posture,euclidean,4,M015;M047;M050;M077,4,1,1,1,C0314;C0316;C0317;C1127
C0323,support,posture,euclidean,10,M027;M028;M032;M033;M054;M055;M072;M073;M079;M080,11,1,1,1,C0260;C0323;C0324;C0325;C0326;C0327;C0328;C0337;C0941;C0942;C0943
C0324,support,posture,euclidean,9,M027;M028;M032;M033;M054;M055;M072;M079;M080,12,1,1,1,C0260;C0323;C0324;C0325;C0326;C0327;C0328;C0337;C0941;C0942;C0943;C1062
C0325,support,posture,euclidean,9,M027;M028;M032;M033;M054;M055;M073;M079;M080,9,1,1,1,C0260;C0323;C0324;C0325;C0326;C0327;C0328;C0337;C0942
C0326,support,posture,euclidean,8,M027;M028;M032;M033;M054;M055;M079;M080,11,1,1,1,C0260;C0323;C0324;C0325;C0326;C0328;C0330;C0337;C0941;C0942;C1122
C0327,support,posture,euclidean,10,M027;M028;M032;M035;M054;M055;M072;M073;M079;M080,8,1,1,1,C0323;C0324;C0325;C0327;C0328;C0941;C0942;C0943
C0328,support,posture,euclidean,7,M027;M028;M032;M054;M055;M079;M080,14,1,1,1,C0260;C0277;C0323;C0324;C0325;C0326;C0327;C0328;C0330;C0333;C0337;C0941;C0942;C0943
C0330,support,posture,euclidean,6,M027;M028;M054;M055;M079;M080,7,1,1,1,C0278;C0326;C0328;C0330;C0331;C0333;C0942
C0331,support,posture,euclidean,6,M027;M035;M054;M055;M079;M080,6,1,1,1,C0251;C0253;C0278;C0330;C0331;C0333
C0333,support,posture,euclidean,5,M027;M054;M055;M079;M080,10,1,1,1,C0253;C0277;C0278;C0328;C0330;C0331;C0333;C0334;C0359;C0943
C0334,support,posture,euclidean,4,M027;M055;M079;M080,4,1,1,1,C0333;C0334;C0335;C1066
C0335,support,posture,euclidean,3,M027;M079;M080,2,1,1,1,C0334;C0335
C0336,support,posture,euclidean,9,M028;M029;M032;M033;M055;M072;M075;M079;M080,7,1,1,1,C0336;C1062;C1121;C1168;C1281;C1326;C1346
C0337,support,posture,euclidean,7,M028;M032;M033;M054;M055;M079;M080,10,1,1,1,C0260;C0323;C0324;C0325;C0326;C0328;C0337;C1062;C1122;C1208
C0338,support,posture,euclidean,6,M032;M054;M055;M072;M079;M080,4,1,1,1,C0338;C0358;C0942;C0943
C0340,support,posture,euclidean,10,M043;M044;M045;M049;M050;M057;M077;M078;M081;M082,12,1,1,1,C0208;C0209;C0340;C0341;C0342;C0343;C0344;C0347;C0944;C0945;C0946;C0947
C0341,support,posture,euclidean,9,M043;M044;M045;M049;M050;M057;M078;M081;M082,13,1,1,1,C0208;C0340;C0341;C0342;C0343;C0344;C0345;C0346;C0347;C0940;C0944;C0945;C0947
C0342,support,posture,euclidean,10,M043;M044;M045;M049;M056;M057;M077;M078;M081;M082,13,1,1,2,C0012;C0013;C0340;C0341;C0342;C0343;C0344;C0345;C0346;C0347;C0348;C0940;C0945
C0343,support,posture,euclidean,9,M043;M044;M045;M049;M056;M057;M078;M081;M082,14,1,1,2,C0012;C0013;C0340;C0341;C0342;C0343;C0344;C0345;C0346;C0347;C0348;C0940;C0945;C0947
C0344,support,posture,euclidean,7,M043;M044;M049;M057;M078;M081;M082,10,1,1,1,C0340;C0341;C0342;C0343;C0344;C0347;C0355;C0940;C0945;C0948
C0345,support,posture,euclidean,8,M043;M045;M049;M056;M057;M078;M081;M082,12,1,1,2,C0012;C0013;C0341;C0342;C0343;C0345;C0346;C0348;C0352;C0940;C0945;C0949
C0346,support,posture,euclidean,8,M044;M045;M049;M056;M057;M078;M081;M082,15,1,1,2,C0012;C0013;C0341;C0342;C0343;C0345;C0346;C0347;C0348;C0352;C0940;C0945;C0947;C0948;C0949
C0347,support,posture,euclidean,7,M044;M045;M049;M057;M078;M081;M082,18,1,1,2,C0012;C0013;C0340;C0341;C0342;C0343;C0344;C0346;C0347;C0348;C0351;C0352;C0353;C0355;C0940;C0945;C0947;C0948
C0350,support,posture,euclidean,3,M045;M049;M057,2,1,1,1,C0350;C0950
C0351,support,posture,euclidean,5,M045;M049;M057;M078;M081,8,1,1,2,C0012;C0013;C0347;C0348;C0351;C0352;C0949;C0950
C0352,support,posture,euclidean,6,M045;M049;M057;M078;M081;M082,14,1,1,2,C0012;C0013;C0345;C0346;C0347;C0348;C0351;C0352;C0353;C0355;C0945;C0947;C0948;C0949
C0353,support,posture,euclidean,5,M045;M049;M078;M081;M082,8,1,1,2,C0012;C0013;C0347;C0348;C0352;C0353;C1126;C1211
C0355,support,posture,euclidean,5,M049;M057;M078;M081;M082,9,1,1,2,C0012;C0013;C0344;C0347;C0348;C0352;C0355;C0948;C1211
C0358,support,posture,euclidean,5,M054;M055;M072;M079;M080,5,1,1,1,C0338;C0357;C0358;C0359;C0943
C0359,support,posture,euclidean,4,M054;M055;M079;M080,5,1,1,1,C0333;C0358;C0359;C1066;C1169
C0365,support,v1_markers,euclidean,10,M002;M003;M004;M007;M027;M040;M041;M044;M053;M054,4,1,1,1,C0365;C0366;C0415;C0419
C0366,support,v1_markers,euclidean,9,M002;M003;M004;M007;M027;M041;M044;M053;M054,4,1,1,1,C0365;C0366;C0415;C0419
C0367,support,v1_markers,euclidean,10,M002;M003;M005;M007;M011;M021;M022;M053;M054;M055,8,1,1,1,C0367;C0368;C0371;C0372;C0376;C0391;C0393;C0403
C0368,support,v1_markers,euclidean,9,M002;M003;M005;M007;M011;M021;M053;M054;M055,8,1,1,2,C0020;C0367;C0368;C0372;C0375;C0376;C0391;C0393
C0369,support,v1_markers,euclidean,10,M002;M003;M007;M011;M021;M022;M034;M039;M053;M054,12,1,1,2,C0020;C0369;C0370;C0371;C0372;C0374;C0376;C0381;C0386;C0403;C0410;C0435
C0370,support,v1_markers,euclidean,10,M002;M003;M007;M011;M021;M022;M039;M041;M053;M054,9,1,1,1,C0369;C0370;C0371;C0372;C0374;C0375;C0376;C0378;C0403
C0371,support,v1_markers,euclidean,9,M002;M003;M007;M011;M021;M022;M039;M053;M054,13,1,1,2,C0020;C0367;C0369;C0370;C0371;C0372;C0373;C0374;C0375;C0376;C0379;C0403;C0411
C0372,support,v1_markers,euclidean,8,M002;M003;M007;M011;M021;M022;M053;M054,17,1,1,2,C0020;C0021;C0022;C0367;C0368;C0369;C0370;C0371;C0372;C0374;C0375;C0376;C0378;C0379;C0403;C0404;C0436
C0373,support,v1_markers,euclidean,10,M002;M003;M007;M011;M021;M031;M039;M053;M054;M073,8,1,1,1,C0371;C0373;C0374;C0376;C0381;C0383;C0384;C0439
C0374,support,v1_markers,euclidean,9,M002;M003;M007;M011;M021;M039;M041;M053;M054,10,1,1,2,C0020;C0369;C0370;C0371;C0372;C0373;C0374;C0375;C0376;C0380
C0375,support,v1_markers,euclidean,8,M002;M003;M007;M011;M021;M041;M053;M054,12,1,1,2,C0020;C0021;C0022;C0368;C0370;C0371;C0372;C0374;C0375;C0376;C0378;C0404
C0376,support,v1_markers,euclidean,7,M002;M003;M007;M011;M021;M053;M054,18,1,1,2,C0020;C0021;C0022;C0367;C0368;C0369;C0370;C0371;C0372;C0373;C0374;C0375;C0376;C0403;C0404;C0405;C0412;C0441
C0377,support,v1_markers,euclidean,10,M002;M003;M011;M013;M021;M022;M034;M041;M053;M054,4,1,1,1,C0377;C0378;C0379;C0422
C0378,support,v1_markers,euclidean,9,M002;M003;M011;M013;M021;M022;M041;M053;M054,7,1,1,1,C0370;C0372;C0375;C0377;C0378;C0379;C0422
C0379,support,v1_markers,euclidean,8,M002;M003;M011;M013;M021;M022;M053;M054,7,1,1,1,C0371;C0372;C0377;C0378;C0379;C0422;C0436
C0380,support,v1_markers,euclidean,10,M002;M003;M011;M021;M031;M034;M039;M041;M053;M054,8,1,1,1,C0374;C0380;C0381;C0382;C0383;C0386;C0435;C0437
C0381,support,v1_markers,euclidean,9,M002;M003;M011;M021;M031;M034;M039;M053;M054,17,1,1,2,C0020;C0369;C0373;C0380;C0381;C0382;C0383;C0384;C0385;C0386;C0433;C0434;C0435;C0437;C0444;C0448;C0514
C0382,support,v1_markers,euclidean,8,M002;M003;M011;M021;M031;M034;M053;M054,11,1,1,2,C0020;C0380;C0381;C0382;C0383;C0384;C0386;C0435;C0437;C0438;C0440
C0383,support,v1_markers,euclidean,9,M002;M003;M011;M021;M031;M039;M053;M054;M073,7,1,1,1,C0373;C0380;C0381;C0382;C0383;C0384;C0439
C0384,support,v1_markers,euclidean,8,M002;M003;M011;M021;M031;M053;M054;M073,7,1,1,1,C0373;C0381;C0382;C0383;C0384;C0438;C0439
C0385,support,v1_markers,euclidean,10,M002;M003;M021;M022;M031;M034;M039;M049;M053;M054,6,1,1,1,C0381;C0385;C0386;C0435;C0448;C0524
C0386,support,v1_markers,euclidean,9,M002;M003;M021;M022;M031;M034;M039;M053;M054,12,1,1,1,C0369;C0380;C0381;C0382;C0385;C0386;C0433;C0434;C0435;C0448;C0514;C0524
C0387,support,v1_markers,euclidean,10,M002;M005;M007;M009;M021;M040;M041;M046;M054;M055,4,1,1,1,C0387;C0388;C0389;C0390
C0388,support,v1_markers,euclidean,9,M002;M005;M007;M009;M021;M040;M046;M054;M055,4,1,1,1,C0387;C0388;C0389;C0390
C0389,support,v1_markers,euclidean,7,M002;M005;M007;M009;M021;M040;M054,7,1,1,1,C0387;C0388;C0389;C0390;C0394;C0402;C0406
C0390,support,v1_markers,euclidean,8,M002;M005;M007;M009;M021;M040;M054;M055,5,1,1,1,C0387;C0388;C0389;C0390;C0402
C0391,support,v1_markers,euclidean,8,M002;M005;M007;M011;M021;M053;M054;M055,6,1,1,1,C0367;C0368;C0391;C0392;C0393;C0404
C0392,support,v1_markers,euclidean,6,M002;M005;M007;M021;M053;M054,7,1,1,2,C0021;C0022;C0391;C0392;C0393;C0394;C0404
C0393,support,v1_markers,euclidean,7,M002;M005;M007;M021;M053;M054;M055,6,1,1,1,C0367;C0368;C0391;C0392;C0393;C0394
C0394,support,v1_markers,euclidean,5,M002;M005;M007;M021;M054,5,1,1,1,C0389;C0392;C0393;C0394;C0407
C0398,support,v1_markers,euclidean,9,M002;M005;M011;M040;M041;M046;M053;M054;M078,4,1,1,1,C0398;C0399;C0479;C0488
C0399,support,v1_markers,euclidean,10,M002;M005;M011;M040;M041;M046;M053;M054;M078;M081,4,1,1,1,C0398;C0399;C0479;C0488
C0402,support,v1_markers,euclidean,6,M002;M007;M009;M021;M040;M054,4,1,1,1,C0389;C0390;C0402;C0406
C0403,support,v1_markers,euclidean,7,M002;M007;M011;M021;M022;M053;M054,10,1,1,1,C0367;C0369;C0370;C0371;C0372;C0376;C0403;C0404;C0405;C0412
C0404,support,v1_markers,euclidean,6,M002;M007;M011;M021;M053;M054,12,1,1,2,C0020;C0021;C0022;C0372;C0375;C0376;C0391;C0392;C0403;C0404;C0405;C0412
C0405,support,v1_markers,euclidean,5,M002;M007;M011;M021;M054,5,1,1,1,C0376;C0403;C0404;C0405;C0407
C0406,support,v1_markers,euclidean,5,M002;M007;M021;M040;M054,4,1,1,1,C0389;C0402;C0406;C0407
C0407,support,v1_markers,euclidean,4,M002;M007;M021;M054,6,1,1,1,C0394;C0405;C0406;C0407;C0408;C0954
C0408,support,v1_markers,euclidean,3,M002;M007;M054,3,1,1,2,C0023;C0407;C0408
C0409,support,v1_markers,euclidean,10,M002;M011;M013;M021;M022;M024;M034;M039;M053;M054,4,1,1,1,C0409;C0410;C0411;C0512
C0410,support,v1_markers,euclidean,9,M002;M011;M021;M022;M024;M034;M039;M053;M054,6,1,1,1,C0369;C0409;C0410;C0411;C0512;C0514
C0411,support,v1_markers,euclidean,8,M002;M011;M021;M022;M024;M039;M053;M054,6,1,1,1,C0371;C0409;C0410;C0411;C0512;C0513
C0412,support,v1_markers,euclidean,5,M002;M011;M021;M053;M054,5,1,1,1,C0376;C0403;C0404;C0412;C0413
C0413,support,v1_markers,euclidean,4,M002;M021;M053;M054,4,1,1,1,C0412;C0413;C0414;C0954
C0414,support,v1_markers,euclidean,3,M002;M053;M054,3,1,1,2,C0023;C0413;C0414
C0415,support,v1_markers,euclidean,8,M003;M004;M007;M027;M041;M044;M053;M054,5,1,1,1,C0365;C0366;C0415;C0419;C0959
C0416,support,v1_markers,euclidean,10,M003;M004;M011;M013;M022;M027;M052;M053;M073;M076,4,1,1,1,C0416;C0956;C0957;C0958
C0417,support,v1_markers,euclidean,9,M003;M004;M011;M013;M024;M052;M059;M073;M076,4,1,1,1,C0417;C0418;C0955;C1067
C0418,support,v1_markers,euclidean,8,M003;M004;M011;M013;M024;M052;M059;M076,5,1,1,1,C0417;C0418;C0955;C1067;C1174
C0419,support,v1_markers,euclidean,7,M003;M004;M027;M041;M044;M053;M054,6,1,1,1,C0365;C0366;C0415;C0419;C0959;C1282
C0420,support,v1_markers,euclidean,5,M003;M004;M027;M052;M053,4,1,1,1,C0420;C0958;C0960;C1307
C0421,support,v1_markers,euclidean,10,M003;M011;M012;M013;M024;M053;M054;M071;M072;M073,5,1,1,1,C0421;C0432;C0521;C0969;C1071
C0422,support,v1_markers,euclidean,7,M003;M011;M013;M021;M022;M053;M054,6,1,1,1,C0377;C0378;C0379;C0422;C0436;C0441
C0423,support,v1_markers,euclidean,10,M003;M011;M013;M022;M024;M033;M053;M054;M072;M073,7,1,1,1,C0423;C0424;C0425;C0426;C0429;C0431;C0432
C0424,support,v1_markers,euclidean,9,M003;M011;M013;M022;M024;M033;M053;M072;M073,6,1,1,1,C0423;C0424;C0425;C0428;C0431;C0432
C0425,support,v1_markers,euclidean,10,M003;M011;M013;M022;M024;M039;M053;M054;M072;M073,9,1,1,1,C0423;C0424;C0425;C0426;C0427;C0428;C0429;C0432;C0507
C0426,support,v1_markers,euclidean,9,M003;M011;M013;M022;M024;M039;M053;M054;M073,8,1,1,1,C0423;C0425;C0426;C0427;C0428;C0429;C0507;C0962
C0427,support,v1_markers,euclidean,10,M003;M011;M013;M022;M024;M039;M053;M054;M073;M076,8,1,1,1,C0425;C0426;C0427;C0428;C0429;C0430;C0507;C0962
C0428,support,v1_markers,euclidean,8,M003;M011;M013;M022;M024;M039;M053;M073,8,1,1,1,C0424;C0425;C0426;C0427;C0428;C0429;C0507;C0508
C0429,support,v1_markers,euclidean,9,M003;M011;M013;M022;M024;M053;M054;M073;M076,8,1,1,1,C0423;C0425;C0426;C0427;C0428;C0429;C0430;C0962
C0430,support,v1_markers,euclidean,7,M003;M011;M013;M022;M024;M073;M076,7,1,1,1,C0427;C0429;C0430;C0509;C0510;C0962;C0970
C0431,support,v1_markers,euclidean,8,M003;M011;M013;M024;M033;M053;M072;M073,6,1,1,1,C0423;C0424;C0431;C0432;C0443;C0964
C0432,support,v1_markers,euclidean,7,M003;M011;M013;M024;M053;M072;M073,8,1,1,1,C0421;C0423;C0424;C0425;C0431;C0432;C0443;C1068
C0433,support,v1_markers,euclidean,10,M003;M011;M021;M022;M030;M031;M034;M039;M053;M054,10,1,1,1,C0381;C0386;C0433;C0434;C0435;C0437;C0442;C0448;C0514;C0524
C0434,support,v1_markers,euclidean,10,M003;M011;M021;M022;M031;M033;M034;M039;M053;M054,12,1,1,1,C0381;C0386;C0433;C0434;C0435;C0437;C0442;C0444;C0448;C0455;C0514;C0524
C0435,support,v1_markers,euclidean,9,M003;M011;M021;M022;M031;M034;M039;M053;M054,15,1,1,1,C0369;C0380;C0381;C0382;C0385;C0386;C0433;C0434;C0435;C0437;C0442;C0444;C0448;C0514;C0524
C0436,support,v1_markers,euclidean,6,M003;M011;M021;M022;M053;M054,7,1,1,1,C0372;C0379;C0422;C0436;C0438;C0440;C0441
C0437,support,v1_markers,euclidean,7,M003;M011;M021;M031;M034;M053;M054,12,1,1,1,C0380;C0381;C0382;C0433;C0434;C0435;C0437;C0438;C0439;C0440;C0441;C0445
C0438,support,v1_markers,euclidean,6,M003;M011;M021;M031;M053;M054,8,1,1,1,C0382;C0384;C0436;C0437;C0438;C0439;C0440;C0441
C0439,support,v1_markers,euclidean,7,M003;M011;M021;M031;M053;M054;M073,7,1,1,1,C0373;C0383;C0384;C0437;C0438;C0439;C0441
C0440,support,v1_markers,euclidean,6,M003;M011;M021;M034;M053;M054,8,1,1,2,C0020;C0382;C0436;C0437;C0438;C0440;C0441;C0445
C0441,support,v1_markers,euclidean,5,M003;M011;M021;M053;M054,9,1,1,1,C0376;C0422;C0436;C0437;C0438;C0439;C0440;C0441;C0446
C0442,support,v1_markers,euclidean,9,M003;M011;M022;M031;M033;M034;M039;M053;M054,8,1,1,1,C0433;C0434;C0435;C0442;C0444;C0448;C0455;C0514
C0443,support,v1_markers,euclidean,6,M003;M011;M024;M053;M072;M073,4,1,1,1,C0431;C0432;C0443;C1068
C0444,support,v1_markers,euclidean,8,M003;M011;M031;M033;M034;M039;M053;M054,7,1,1,1,C0381;C0434;C0435;C0442;C0444;C0454;C0455
C0445,support,v1_markers,euclidean,5,M003;M011;M034;M053;M054,5,1,1,1,C0437;C0440;C0445;C0446;C0458
C0446,support,v1_markers,euclidean,4,M003;M011;M053;M054,5,1,1,1,C0441;C0445;C0446;C0459;C0963
C0447,support,v1_markers,euclidean,10,M003;M012;M013;M024;M031;M033;M053;M072;M073;M075,4,1,1,1,C0447;C0964;C1129;C1130
C0448,support,v1_markers,euclidean,8,M003;M021;M022;M031;M034;M039;M053;M054,12,1,1,1,C0381;C0385;C0386;C0433;C0434;C0435;C0442;C0448;C0514;C0524;C0525;C0527
C0449,support,v1_markers,euclidean,10,M003;M030;M031;M032;M033;M034;M039;M053;M054;M078,5,1,1,1,C0449;C0450;C0451;C0452;C0455
C0450,support,v1_markers,euclidean,7,M003;M030;M031;M032;M033;M034;M053,6,1,1,1,C0449;C0450;C0451;C0452;C0975;C1179
C0451,support,v1_markers,euclidean,8,M003;M030;M031;M032;M033;M034;M053;M054,5,1,1,1,C0449;C0450;C0451;C0452;C0975
C0452,support,v1_markers,euclidean,9,M003;M030;M031;M032;M033;M034;M053;M054;M078,4,1,1,1,C0449;C0450;C0451;C0452
C0453,support,v1_markers,euclidean,9,M003;M030;M031;M033;M038;M039;M053;M072;M073,4,1,1,1,C0453;C0535;C0536;C0965
C0454,support,v1_markers,euclidean,6,M003;M031;M033;M034;M039;M053,4,1,1,1,C0444;C0454;C0455;C0456
C0455,support,v1_markers,euclidean,7,M003;M031;M033;M034;M039;M053;M054,7,1,1,1,C0434;C0442;C0444;C0449;C0454;C0455;C0456
C0456,support,v1_markers,euclidean,5,M003;M031;M033;M039;M053,4,1,1,1,C0454;C0455;C0456;C0457
C0457,support,v1_markers,euclidean,4,M003;M031;M039;M053,3,1,1,1,C0456;C0457;C1135
C0458,support,v1_markers,euclidean,4,M003;M034;M053;M054,3,1,1,1,C0445;C0458;C0459
C0459,support,v1_markers,euclidean,3,M003;M053;M054,3,1,1,1,C0446;C0458;C0459
C0460,support,v1_markers,euclidean,10,M004;M013;M021;M022;M024;M031;M035;M039;M049;M053,4,1,1,1,C0460;C0522;C0972;C1132
C0461,support,v1_markers,euclidean,9,M004;M041;M052;M053;M056;M058;M059;M076;M083,5,1,1,1,C0461;C0462;C0543;C0961;C0967
C0462,support,v1_markers,euclidean,7,M004;M052;M053;M056;M058;M059;M083,7,1,1,1,C0461;C0462;C0463;C0464;C0961;C0967;C0981
C0463,support,v1_markers,euclidean,5,M004;M052;M056;M058;M059,4,1,1,1,C0462;C0463;C0464;C1308
C0464,support,v1_markers,euclidean,6,M004;M052;M056;M058;M059;M083,7,1,1,1,C0462;C0463;C0464;C0560;C0564;C0967;C0981
C0466,support,v1_markers,euclidean,8,M005;M007;M009;M028;M040;M041;M046;M054,5,1,1,1,C0466;C0467;C0468;C0471;C0501
C0467,support,v1_markers,euclidean,10,M005;M007;M009;M028;M040;M041;M046;M054;M055;M077,4,1,1,1,C0466;C0467;C0468;C0471
C0468,support,v1_markers,euclidean,9,M005;M007;M009;M028;M040;M041;M046;M054;M077,4,1,1,1,C0466;C0467;C0468;C0471
C0475,support,v1_markers,euclidean,10,M005;M009;M040;M041;M046;M055;M077;M078;M081;M082,6,1,1,1,C0475;C0476;C0477;C0478;C0495;C0497
C0476,support,v1_markers,euclidean,9,M005;M009;M041;M046;M055;M077;M078;M081;M082,6,1,1,1,C0475;C0476;C0477;C0478;C0495;C0497
C0477,support,v1_markers,euclidean,7,M005;M009;M041;M046;M077;M078;M081,8,1,1,1,C0475;C0476;C0477;C0478;C0496;C0497;C0504;C0547
C0478,support,v1_markers,euclidean,8,M005;M009;M041;M046;M077;M078;M081;M082,8,1,1,1,C0475;C0476;C0477;C0478;C0495;C0496;C0497;C0504
C0479,support,v1_markers,euclidean,8,M005;M011;M040;M041;M046;M053;M054;M078,5,1,1,1,C0398;C0399;C0479;C0488;C0494
C0488,support,v1_markers,euclidean,7,M005;M040;M041;M046;M053;M054;M078,6,1,1,1,C0398;C0399;C0479;C0488;C0494;C0977
C0492,support,v1_markers,euclidean,3,M005;M040;M046,2,1,1,1,C0492;C0493
C0493,support,v1_markers,euclidean,4,M005;M040;M046;M055,9,1,1,2,C0024;C0025;C0026;C0027;C0490;C0491;C0492;C0493;C0500
C0494,support,v1_markers,euclidean,6,M005;M041;M046;M053;M054;M078,4,1,1,1,C0479;C0488;C0494;C0977
C0495,support,v1_markers,euclidean,8,M005;M041;M046;M055;M077;M078;M081;M082,6,1,1,1,C0475;C0476;C0478;C0495;C0496;C0497
C0496,support,v1_markers,euclidean,6,M005;M041;M046;M077;M078;M081,7,1,1,1,C0477;C0478;C0495;C0496;C0497;C0504;C0547
C0497,support,v1_markers,euclidean,7,M005;M041;M046;M077;M078;M081;M082,8,1,1,1,C0475;C0476;C0477;C0478;C0495;C0496;C0497;C0547
C0499,support,v1_markers,euclidean,4,M005;M043;M046;M055,8,1,1,2,C0024;C0025;C0026;C0027;C0490;C0498;C0499;C0500
C0500,support,v1_markers,euclidean,3,M005;M046;M055,7,1,1,2,C0024;C0025;C0026;C0027;C0493;C0499;C0500
C0502,support,v1_markers,euclidean,5,M007;M009;M040;M046;M054,4,1,1,1,C0471;C0501;C0502;C0968
C0503,support,v1_markers,euclidean,10,M009;M034;M041;M053;M056;M058;M077;M078;M081;M082,6,1,1,1,C0503;C0505;C0506;C0539;C0540;C0548
C0504,support,v1_markers,euclidean,6,M009;M041;M046;M077;M078;M081,5,1,1,1,C0477;C0478;C0496;C0504;C0547
C0505,support,v1_markers,euclidean,9,M009;M041;M053;M056;M058;M077;M078;M081;M082,5,1,1,1,C0503;C0505;C0506;C0539;C0548
C0506,support,v1_markers,euclidean,8,M009;M041;M056;M058;M077;M078;M081;M082,8,1,1,1,C0503;C0505;C0506;C0539;C0540;C0548;C0549;C0567
C0507,support,v1_markers,euclidean,7,M011;M013;M022;M024;M039;M053;M073,7,1,1,1,C0425;C0426;C0427;C0428;C0507;C0508;C0509
C0508,support,v1_markers,euclidean,6,M011;M013;M022;M024;M039;M073,5,1,1,1,C0428;C0507;C0508;C0509;C0510
C0510,support,v1_markers,euclidean,6,M011;M013;M022;M024;M073;M076,6,1,1,1,C0430;C0508;C0509;C0510;C0962;C0970
C0511,support,v1_markers,euclidean,5,M011;M021;M022;M024;M039,4,1,1,1,C0511;C0512;C0513;C0523
C0512,support,v1_markers,euclidean,7,M011;M021;M022;M024;M039;M053;M054,6,1,1,1,C0409;C0410;C0411;C0511;C0512;C0513
C0513,support,v1_markers,euclidean,6,M011;M021;M022;M024;M039;M054,4,1,1,1,C0411;C0511;C0512;C0513
C0514,support,v1_markers,euclidean,8,M011;M021;M022;M031;M034;M039;M053;M054,12,1,1,1,C0381;C0386;C0410;C0433;C0434;C0435;C0442;C0448;C0514;C0524;C0525;C0527
C0515,support,v1_markers,euclidean,10,M011;M034;M041;M056;M058;M077;M078;M081;M082;M083,4,1,1,1,C0515;C0539;C0540;C0548
C0516,support,v1_markers,euclidean,10,M011;M041;M045;M052;M056;M058;M059;M076;M081;M083,8,1,1,1,C0516;C0517;C0518;C0542;C0543;C0545;C0546;C0559
C0517,support,v1_markers,euclidean,9,M011;M041;M045;M052;M056;M058;M059;M076;M083,6,1,1,1,C0516;C0517;C0518;C0542;C0543;C0546
C0518,support,v1_markers,euclidean,8,M011;M041;M045;M052;M056;M058;M059;M083,8,1,1,1,C0516;C0517;C0518;C0542;C0543;C0545;C0546;C0560
C0519,support,v1_markers,euclidean,10,M012;M013;M022;M024;M033;M053;M054;M071;M072;M073,7,1,1,1,C0519;C0520;C0521;C0969;C0971;C1071;C1131
C0520,support,v1_markers,euclidean,9,M012;M013;M022;M024;M033;M053;M071;M072;M073,5,1,1,1,C0519;C0520;C0521;C0971;C1131
C0521,support,v1_markers,euclidean,8,M012;M013;M024;M053;M054;M071;M072;M073,7,1,1,1,C0421;C0519;C0520;C0521;C0969;C1071;C1072
C0522,support,v1_markers,euclidean,9,M013;M021;M022;M024;M031;M035;M039;M049;M053,4,1,1,1,C0460;C0522;C0972;C1132
C0523,support,v1_markers,euclidean,4,M021;M022;M024;M039,3,1,1,1,C0511;C0523;C1375
C0524,support,v1_markers,euclidean,7,M021;M022;M031;M034;M039;M053;M054,12,1,1,1,C0385;C0386;C0433;C0434;C0435;C0448;C0514;C0524;C0525;C0526;C0527;C0530
C0525,support,v1_markers,euclidean,6,M021;M022;M031;M039;M053;M054,6,1,1,1,C0448;C0514;C0524;C0525;C0527;C0530
C0526,support,v1_markers,euclidean,5,M021;M031;M034;M039;M053,4,1,1,1,C0524;C0526;C0527;C0528
C0527,support,v1_markers,euclidean,6,M021;M031;M034;M039;M053;M054,6,1,1,1,C0448;C0514;C0524;C0525;C0526;C0527
C0528,support,v1_markers,euclidean,4,M021;M034;M039;M053,3,1,1,1,C0526;C0528;C1213
C0529,support,v1_markers,euclidean,8,M022;M024;M031;M035;M036;M038;M039;M049,6,1,1,1,C0529;C0973;C1074;C1075;C1134;C1178
C0530,support,v1_markers,euclidean,5,M022;M031;M039;M053;M054,4,1,1,1,C0524;C0525;C0530;C1077
C0531,support,v1_markers,euclidean,4,M028;M040;M043;M044,7,1,1,2,C0028;C0029;C0030;C0031;C0531;C0533;C0974
C0534,support,v1_markers,euclidean,4,M028;M043;M044;M046,8,1,1,2,C0028;C0029;C0030;C0031;C0486;C0534;C0551;C0974
C0535,support,v1_markers,euclidean,8,M030;M031;M033;M038;M039;M053;M072;M073,5,1,1,1,C0453;C0535;C0536;C0537;C0965
C0536,support,v1_markers,euclidean,7,M031;M033;M038;M039;M053;M072;M073,6,1,1,1,C0453;C0535;C0536;C0537;C0538;C0965
C0537,support,v1_markers,euclidean,6,M031;M033;M039;M053;M072;M073,4,1,1,1,C0535;C0536;C0537;C0538
C0538,support,v1_markers,euclidean,5,M031;M033;M053;M072;M073,4,1,1,1,C0536;C0537;C0538;C1285
C0539,support,v1_markers,euclidean,8,M034;M041;M056;M058;M077;M078;M081;M082,9,1,1,1,C0503;C0505;C0506;C0515;C0539;C0540;C0548;C0549;C0567
C0540,support,v1_markers,euclidean,9,M034;M041;M056;M058;M077;M078;M081;M082;M083,6,1,1,1,C0503;C0506;C0515;C0539;C0540;C0548
C0541,support,v1_markers,euclidean,10,M041;M045;M047;M052;M056;M058;M059;M081;M082;M083,14,1,1,1,C0541;C0542;C0544;C0545;C0546;C0553;C0554;C0555;C0556;C0558;C0559;C0562;C0979;C0980
C0542,support,v1_markers,euclidean,9,M041;M045;M052;M056;M058;M059;M076;M081;M083,11,1,1,1,C0516;C0517;C0518;C0541;C0542;C0543;C0544;C0545;C0546;C0558;C0559
C0543,support,v1_markers,euclidean,8,M041;M045;M052;M056;M058;M059;M076;M083,9,1,1,1,C0461;C0516;C0517;C0518;C0542;C0543;C0545;C0546;C0560
C0544,support,v1_markers,euclidean,10,M041;M045;M052;M056;M058;M059;M078;M081;M082;M083,10,1,1,1,C0541;C0542;C0544;C0545;C0546;C0555;C0558;C0559;C0562;C0980
C0545,support,v1_markers,euclidean,9,M041;M045;M052;M056;M058;M059;M081;M082;M083,16,1,1,1,C0516;C0518;C0541;C0542;C0543;C0544;C0545;C0546;C0553;C0555;C0556;C0558;C0559;C0562;C0979;C0980
C0546,support,v1_markers,euclidean,7,M041;M045;M052;M056;M058;M059;M083,16,1,1,2,C0032;C0516;C0517;C0518;C0541;C0542;C0543;C0544;C0545;C0546;C0557;C0559;C0560;C0563;C0980;C0981
C0547,support,v1_markers,euclidean,5,M041;M046;M077;M078;M081,6,1,1,1,C0477;C0496;C0497;C0504;C0547;C0550
C0548,support,v1_markers,euclidean,7,M041;M056;M058;M077;M078;M081;M082,10,1,1,1,C0503;C0505;C0506;C0515;C0539;C0540;C0548;C0549;C0567;C0568
C0549,support,v1_markers,euclidean,6,M041;M058;M077;M078;M081;M082,6,1,1,1,C0506;C0539;C0548;C0549;C0567;C0568
C0550,support,v1_markers,euclidean,4,M041;M077;M078;M081,3,1,1,1,C0547;C0550;C0984
C0551,support,v1_markers,euclidean,3,M043;M044;M046,3,1,1,1,C0534;C0551;C0552
C0552,support,v1_markers,euclidean,4,M043;M044;M046;M055,4,1,1,1,C0498;C0551;C0552;C0978
C0553,support,v1_markers,euclidean,10,M045;M047;M052;M056;M057;M058;M059;M081;M082;M083,13,1,1,1,C0541;C0545;C0553;C0554;C0555;C0556;C0558;C0559;C0562;C0979;C0980;C1215;C1331
C0554,support,v1_markers,euclidean,9,M045;M047;M052;M056;M057;M058;M059;M082;M083,12,1,1,1,C0541;C0553;C0554;C0555;C0556;C0558;C0979;C0980;C1175;C1215;C1250;C1331
C0555,support,v1_markers,euclidean,9,M045;M047;M052;M056;M058;M059;M081;M082;M083,13,1,1,1,C0541;C0544;C0545;C0553;C0554;C0555;C0556;C0558;C0559;C0562;C0979;C0980;C1215
C0556,support,v1_markers,euclidean,8,M045;M047;M052;M056;M058;M059;M082;M083,11,1,1,1,C0541;C0545;C0553;C0554;C0555;C0556;C0558;C0560;C0979;C0980;C1215
C0557,support,v1_markers,euclidean,5,M045;M052;M056;M058;M059,9,1,1,3,C0068;C0078;C0082;C0546;C0557;C0559;C0560;C0561;C0980
C0558,support,v1_markers,euclidean,8,M045;M052;M056;M058;M059;M081;M082;M083,16,1,1,1,C0541;C0542;C0544;C0545;C0553;C0554;C0555;C0556;C0558;C0559;C0560;C0562;C0564;C0565;C0979;C0980
C0559,support,v1_markers,euclidean,7,M045;M052;M056;M058;M059;M081;M083,19,1,1,2,C0032;C0516;C0541;C0542;C0544;C0545;C0546;C0553;C0555;C0557;C0558;C0559;C0560;C0562;C0563;C0564;C0979;C0980;C0981
C0560,support,v1_markers,euclidean,6,M045;M052;M056;M058;M059;M083,14,1,1,2,C0032;C0464;C0518;C0543;C0546;C0556;C0557;C0558;C0559;C0560;C0563;C0564;C0980;C0981
C0561,support,v1_markers,euclidean,4,M045;M056;M058;M059,9,1,1,3,C0032;C0068;C0078;C0082;C0557;C0561;C0563;C1180;C1216
C0563,support,v1_markers,euclidean,5,M045;M056;M058;M059;M083,12,1,1,3,C0032;C0068;C0078;C0082;C0546;C0559;C0560;C0561;C0562;C0563;C0566;C0980
C0564,support,v1_markers,euclidean,6,M052;M056;M058;M059;M081;M083,7,1,1,1,C0464;C0558;C0559;C0560;C0564;C0565;C0981
C0565,support,v1_markers,euclidean,6,M056;M058;M059;M081;M082;M083,5,1,1,1,C0558;C0562;C0564;C0565;C0982
C0567,support,v1_markers,euclidean,6,M056;M058;M077;M078;M081;M082,6,1,1,1,C0506;C0539;C0548;C0549;C0567;C0568
C0568,support,v1_markers,euclidean,5,M058;M077;M078;M081;M082,11,1,1,3,C0033;C0034;C0035;C0069;C0070;C0548;C0549;C0567;C0568;C0569;C0983
C0570,support,values_disclosure,euclidean,10,M002;M003;M011;M012;M015;M022;M027;M038;M040;M052,4,1,1,1,C0570;C0606;C0993;C1007
C0571,support,values_disclosure,euclidean,8,M002;M003;M012;M015;M021;M027;M038;M040,8,1,1,1,C0571;C0572;C0573;C0574;C0612;C0613;C0615;C0994
C0572,support,values_disclosure,euclidean,9,M002;M003;M012;M015;M021;M027;M038;M040;M072,5,1,1,1,C0571;C0572;C0573;C0612;C0615
C0573,support,values_disclosure,euclidean,10,M002;M003;M012;M015;M021;M027;M038;M040;M072;M080,4,1,1,1,C0571;C0572;C0573;C0615
C0574,support,values_disclosure,euclidean,6,M002;M003;M012;M015;M038;M040,8,1,1,1,C0571;C0574;C0575;C0578;C0586;C0990;C0994;C0995
C0575,support,values_disclosure,euclidean,8,M002;M003;M012;M015;M038;M040;M071;M076,5,1,1,1,C0574;C0575;C0576;C0577;C0578
C0576,support,values_disclosure,euclidean,10,M002;M003;M012;M015;M038;M040;M071;M076;M079;M080,4,1,1,1,C0575;C0576;C0577;C0578
C0577,support,values_disclosure,euclidean,9,M002;M003;M012;M015;M038;M040;M071;M076;M080,6,1,1,1,C0575;C0576;C0577;C0578;C0587;C0589
C0578,support,values_disclosure,euclidean,7,M002;M003;M012;M015;M038;M040;M076,7,1,1,1,C0574;C0575;C0576;C0577;C0578;C0990;C0995
C0581,support,values_disclosure,euclidean,8,M002;M004;M073;M074;M076;M077;M079;M080,15,1,1,3,C0036;C0037;C0038;C0039;C0040;C0579;C0580;C0581;C0582;C0597;C0598;C0599;C0600;C0684;C1423
C0582,support,values_disclosure,euclidean,7,M002;M004;M074;M076;M077;M079;M080,10,1,1,1,C0579;C0580;C0581;C0582;C0599;C0600;C0601;C0685;C1423;C1715
C0583,support,values_disclosure,euclidean,10,M002;M011;M012;M015;M022;M052;M076;M077;M079;M080,4,1,1,1,C0583;C0584;C0585;C0989
C0584,support,values_disclosure,euclidean,9,M002;M011;M012;M015;M022;M052;M077;M079;M080,4,1,1,1,C0583;C0584;C0585;C0989
C0585,support,values_disclosure,euclidean,8,M002;M011;M012;M015;M022;M052;M079;M080,5,1,1,1,C0583;C0584;C0585;C0988;C0989
C0586,support,values_disclosure,euclidean,6,M002;M012;M015;M038;M040;M052,6,1,1,1,C0574;C0586;C0589;C0590;C0591;C0990
C0587,support,values_disclosure,euclidean,10,M002;M012;M015;M038;M040;M052;M071;M074;M076;M080,5,1,1,1,C0577;C0587;C0588;C0589;C0590
C0588,support,values_disclosure,euclidean,9,M002;M012;M015;M038;M040;M052;M071;M074;M080,4,1,1,1,C0587;C0588;C0589;C0590
C0589,support,values_disclosure,euclidean,8,M002;M012;M015;M038;M040;M052;M071;M080,6,1,1,1,C0577;C0586;C0587;C0588;C0589;C0590
C0590,support,values_disclosure,euclidean,7,M002;M012;M015;M038;M040;M052;M080,7,1,1,1,C0586;C0587;C0588;C0589;C0590;C0591;C0990
C0591,support,values_disclosure,euclidean,5,M002;M012;M015;M040;M052,4,1,1,1,C0586;C0590;C0591;C1219
C0592,support,values_disclosure,euclidean,10,M002;M015;M022;M038;M040;M050;M052;M071;M072;M073,4,1,1,1,C0592;C0593;C0991;C1082
C0593,support,values_disclosure,euclidean,9,M002;M015;M022;M038;M040;M050;M052;M072;M073,4,1,1,1,C0592;C0593;C0991;C1082
C0594,support,values_disclosure,euclidean,10,M002;M015;M040;M047;M049;M050;M052;M071;M072;M073,4,1,1,1,C0594;C1084;C1085;C1182
C0599,support,values_disclosure,euclidean,7,M002;M073;M074;M076;M077;M079;M080,19,1,1,3,C0036;C0037;C0038;C0039;C0040;C0579;C0580;C0581;C0582;C0595;C0596;C0597;C0598;C0599;C0600;C0601;C0683;C0684;C0685
C0601,support,values_disclosure,euclidean,5,M002;M076;M077;M079;M080,7,1,1,1,C0582;C0599;C0600;C0601;C0602;C0686;C1423
C0602,support,values_disclosure,euclidean,4,M002;M077;M079;M080,5,1,1,1,C0601;C0602;C1098;C1183;C1715
C0603,support,values_disclosure,euclidean,10,M003;M005;M012;M021;M027;M036;M037;M038;M040;M077,7,1,1,1,C0603;C0604;C0607;C0619;C0621;C0626;C0992
C0604,support,values_disclosure,euclidean,8,M003;M005;M012;M021;M027;M037;M038;M040,12,1,1,1,C0603;C0604;C0607;C0609;C0612;C0613;C0619;C0621;C0623;C0624;C0992;C0996
C0606,support,values_disclosure,euclidean,9,M003;M011;M012;M015;M022;M027;M038;M040;M052,4,1,1,1,C0570;C0606;C0993;C1007
C0607,support,values_disclosure,euclidean,9,M003;M012;M013;M021;M027;M036;M037;M038;M040,14,1,1,1,C0603;C0604;C0605;C0607;C0608;C0609;C0611;C0612;C0618;C0619;C0621;C0624;C0626;C0992
C0608,support,values_disclosure,euclidean,10,M003;M012;M013;M021;M027;M036;M037;M038;M040;M073,9,1,1,1,C0605;C0607;C0608;C0609;C0611;C0619;C0621;C0626;C0992
C0609,support,values_disclosure,euclidean,8,M003;M012;M013;M021;M027;M037;M038;M040,15,1,1,1,C0604;C0605;C0607;C0608;C0609;C0610;C0611;C0612;C0613;C0619;C0621;C0623;C0624;C0992;C0996
C0610,support,values_disclosure,euclidean,6,M003;M012;M013;M021;M037;M038,6,1,1,1,C0609;C0610;C0611;C0625;C0996;C1257
C0611,support,values_disclosure,euclidean,7,M003;M012;M013;M021;M037;M038;M040,11,1,1,1,C0605;C0607;C0608;C0609;C0610;C0611;C0616;C0621;C0626;C0997;C1257
C0612,support,values_disclosure,euclidean,8,M003;M012;M015;M021;M027;M037;M038;M040,17,1,1,1,C0571;C0572;C0604;C0607;C0609;C0612;C0613;C0614;C0615;C0616;C0619;C0621;C0623;C0624;C0992;C0994;C0996
C0613,support,values_disclosure,euclidean,9,M003;M012;M015;M021;M027;M037;M038;M040;M052,11,1,1,1,C0571;C0604;C0609;C0612;C0613;C0614;C0615;C0616;C0619;C0621;C0624
C0614,support,values_disclosure,euclidean,10,M003;M012;M015;M021;M027;M037;M038;M040;M052;M079,7,1,1,1,C0612;C0613;C0614;C0615;C0616;C0621;C0623
C0615,support,values_disclosure,euclidean,7,M003;M012;M015;M021;M027;M038;M040,12,1,1,1,C0571;C0572;C0573;C0612;C0613;C0614;C0615;C0616;C0621;C0994;C0995;C0997
C0620,support,values_disclosure,euclidean,5,M003;M012;M021;M027;M037,9,1,1,2,C0071;C0072;C0083;C0093;C0620;C0621;C0996;C1088;C1139
C0621,support,values_disclosure,euclidean,7,M003;M012;M021;M027;M037;M038;M040,23,1,1,1,C0603;C0604;C0605;C0607;C0608;C0609;C0611;C0612;C0613;C0614;C0615;C0616;C0618;C0619;C0620;C0621;C0622;C0623;C0624;C0626;C0992;C0996;C0997
C0622,support,values_disclosure,euclidean,10,M003;M012;M021;M027;M037;M038;M040;M077;M079;M080,4,1,1,1,C0621;C0622;C0623;C0624
C0623,support,values_disclosure,euclidean,9,M003;M012;M021;M027;M037;M038;M040;M079;M080,9,1,1,1,C0604;C0609;C0612;C0614;C0619;C0621;C0622;C0623;C0624
C0624,support,values_disclosure,euclidean,8,M003;M012;M021;M027;M037;M038;M040;M080,12,1,1,1,C0604;C0607;C0609;C0612;C0613;C0619;C0621;C0622;C0623;C0624;C0992;C0996
C0627,support,values_disclosure,euclidean,10,M003;M021;M027;M035;M036;M074;M076;M077;M079;M080,4,1,1,1,C0627;C0628;C0629;C0630
C0628,support,values_disclosure,euclidean,9,M003;M021;M027;M035;M036;M076;M077;M079;M080,4,1,1,1,C0627;C0628;C0629;C0630
C0629,support,values_disclosure,euclidean,8,M003;M021;M027;M035;M036;M077;M079;M080,5,1,1,1,C0627;C0628;C0629;C0630;C1087
C0630,support,values_disclosure,euclidean,7,M003;M021;M027;M035;M036;M079;M080,7,1,1,1,C0627;C0628;C0629;C0630;C1003;C1087;C1185
C0631,support,values_disclosure,euclidean,10,M003;M021;M027;M071;M072;M074;M076;M077;M079;M080,4,1,1,1,C0631;C0632;C1001;C1002
C0632,support,values_disclosure,euclidean,9,M003;M021;M027;M071;M072;M076;M077;M079;M080,4,1,1,1,C0631;C0632;C1001;C1002
C0633,support,values_disclosure,euclidean,6,M003;M021;M027;M071;M079;M080,4,1,1,1,C0633;C1001;C1002;C1003
C0635,support,values_disclosure,euclidean,9,M005;M007;M009;M010;M021;M027;M028;M030;M032,9,1,1,2,C0041;C0635;C0636;C0637;C0638;C0639;C0640;C0642;C0644
C0646,support,values_disclosure,euclidean,5,M005;M007;M010;M028;M030,6,1,1,2,C0041;C0641;C0642;C0646;C0647;C0652
C0649,support,values_disclosure,euclidean,7,M005;M009;M010;M028;M030;M033;M054,7,1,1,1,C0638;C0643;C0645;C0648;C0649;C0651;C1090
C0652,support,values_disclosure,euclidean,4,M005;M010;M028;M030,9,1,1,2,C0042;C0079;C0084;C0089;C0646;C0648;C0652;C0653;C1187
C0653,support,values_disclosure,euclidean,5,M005;M010;M028;M030;M032,5,1,1,2,C0041;C0642;C0647;C0652;C0653
C0654,support,values_disclosure,euclidean,5,M007;M010;M028;M030;M032,5,1,1,2,C0041;C0642;C0647;C0654;C0655
C0655,support,values_disclosure,euclidean,4,M007;M010;M028;M032,7,1,1,2,C0043;C0044;C0085;C0090;C0654;C0655;C1006
C0657,support,values_disclosure,euclidean,10,M043;M044;M045;M049;M058;M059;M060;M081;M082;M083,7,1,1,1,C0657;C0658;C0672;C0673;C0674;C0676;C0681
C0658,support,values_disclosure,euclidean,9,M043;M044;M045;M049;M059;M060;M081;M082;M083,7,1,1,1,C0657;C0658;C0672;C0673;C0674;C0676;C0681
C0663,support,values_disclosure,euclidean,6,M043;M044;M045;M056;M058;M081,11,1,1,3,C0046;C0047;C0048;C0049;C0050;C0051;C0661;C0662;C0663;C0664;C0668
C0664,support,values_disclosure,euclidean,5,M043;M044;M045;M056;M081,4,1,1,1,C0662;C0663;C0664;C1009
C0665,support,values_disclosure,euclidean,5,M043;M044;M056;M057;M058,6,1,1,1,C0662;C0665;C0666;C0667;C0668;C0671
C0666,support,values_disclosure,euclidean,6,M043;M044;M056;M057;M058;M060,13,1,1,3,C0046;C0047;C0048;C0049;C0050;C0051;C0661;C0665;C0666;C0667;C0668;C0669;C0677
C0668,support,values_disclosure,euclidean,6,M043;M044;M056;M057;M058;M081,15,1,1,3,C0046;C0047;C0048;C0049;C0050;C0051;C0661;C0662;C0663;C0665;C0666;C0667;C0668;C0669;C0670
C0669,support,values_disclosure,euclidean,6,M043;M044;M057;M058;M060;M081,13,1,1,3,C0046;C0047;C0048;C0049;C0050;C0051;C0661;C0666;C0667;C0668;C0669;C0670;C0679
C0670,support,values_disclosure,euclidean,5,M043;M044;M057;M058;M081,6,1,1,1,C0662;C0667;C0668;C0669;C0670;C0680
C0671,support,values_disclosure,euclidean,4,M043;M056;M057;M058,4,1,1,1,C0665;C0671;C1097;C1223
C0672,support,values_disclosure,euclidean,10,M044;M045;M049;M057;M058;M059;M060;M081;M082;M083,7,1,1,1,C0657;C0658;C0672;C0673;C0674;C0676;C0681
C0673,support,values_disclosure,euclidean,9,M044;M045;M049;M058;M059;M060;M081;M082;M083,7,1,1,1,C0657;C0658;C0672;C0673;C0674;C0676;C0681
C0674,support,values_disclosure,euclidean,8,M044;M045;M049;M059;M060;M081;M082;M083,10,1,1,1,C0657;C0658;C0672;C0673;C0674;C0675;C0676;C0681;C1012;C1096
C0675,support,values_disclosure,euclidean,6,M044;M045;M059;M060;M081;M082,5,1,1,1,C0674;C0675;C0676;C1012;C1095
C0676,support,values_disclosure,euclidean,7,M044;M045;M059;M060;M081;M082;M083,11,1,1,1,C0657;C0658;C0672;C0673;C0674;C0675;C0676;C0681;C1012;C1095;C1224
C0677,support,values_disclosure,euclidean,5,M044;M056;M057;M058;M060,4,1,1,1,C0666;C0667;C0677;C0678
C0678,support,values_disclosure,euclidean,4,M044;M056;M058;M060,3,1,1,1,C0677;C0678;C1094
C0679,support,values_disclosure,euclidean,5,M044;M057;M058;M060;M081,5,1,1,1,C0667;C0669;C0679;C0680;C1010
C0680,support,values_disclosure,euclidean,4,M044;M057;M058;M081,4,1,1,1,C0670;C0679;C0680;C1011
C0681,support,values_disclosure,euclidean,7,M045;M049;M059;M060;M081;M082;M083,11,1,1,1,C0657;C0658;C0672;C0673;C0674;C0676;C0681;C1095;C1096;C1411;C1483
C0685,support,values_disclosure,euclidean,5,M074;M076;M077;M079;M080,7,1,1,1,C0582;C0599;C0600;C0683;C0684;C0685;C0686
C0687,support,values_owned,euclidean,10,M002;M015;M027;M043;M045;M046;M071;M074;M076;M077,6,1,1,1,C0687;C0691;C0692;C0694;C0695;C0696
C0690,support,values_owned,euclidean,8,M002;M015;M027;M071;M074;M076;M077;M079,6,1,1,1,C0688;C0689;C0690;C0697;C0698;C0700
C0691,support,values_owned,euclidean,10,M002;M015;M043;M044;M045;M046;M071;M074;M076;M077,6,1,1,1,C0687;C0691;C0692;C0693;C0694;C0780
C0692,support,values_owned,euclidean,9,M002;M015;M043;M044;M045;M046;M071;M076;M077,6,1,1,1,C0687;C0691;C0692;C0693;C0695;C0780
C0693,support,values_owned,euclidean,8,M002;M015;M043;M044;M045;M046;M076;M077,5,1,1,1,C0691;C0692;C0693;C0780;C0804
C0694,support,values_owned,euclidean,9,M002;M027;M043;M045;M046;M071;M074;M076;M077,5,1,1,1,C0687;C0691;C0694;C0695;C0696
C0695,support,values_owned,euclidean,8,M002;M027;M043;M045;M046;M071;M076;M077,6,1,1,1,C0687;C0692;C0694;C0695;C0696;C1099
C0696,support,values_owned,euclidean,7,M002;M027;M045;M046;M071;M076;M077,6,1,1,1,C0687;C0694;C0695;C0696;C1099;C1188
C0697,support,values_owned,euclidean,6,M002;M027;M071;M074;M076;M077,5,1,1,1,C0690;C0697;C0698;C0699;C0700
C0699,support,values_owned,euclidean,5,M002;M027;M074;M076;M077,5,1,1,1,C0697;C0698;C0699;C0700;C1015
C0701,support,values_owned,euclidean,10,M003;M004;M011;M013;M015;M022;M024;M025;M052;M077,6,1,1,1,C0701;C1016;C1190;C1226;C1227;C1266
C0702,support,values_owned,euclidean,10,M003;M004;M015;M021;M024;M044;M052;M074;M076;M077,4,1,1,1,C0702;C0703;C0706;C0707
C0703,support,values_owned,euclidean,9,M003;M004;M015;M021;M024;M052;M074;M076;M077,4,1,1,1,C0702;C0703;C0706;C0707
C0706,support,values_owned,euclidean,8,M003;M004;M015;M024;M052;M074;M076;M077,5,1,1,1,C0702;C0703;C0706;C0707;C0708
C0707,support,values_owned,euclidean,7,M003;M004;M015;M024;M052;M076;M077,6,1,1,1,C0702;C0703;C0706;C0707;C0708;C1145
C0708,support,values_owned,euclidean,6,M003;M004;M015;M024;M052;M077,4,1,1,1,C0706;C0707;C0708;C1145
C0710,support,values_owned,euclidean,10,M003;M005;M015;M024;M040;M043;M044;M074;M076;M077,4,1,1,1,C0710;C0711;C0712;C1146
C0711,support,values_owned,euclidean,9,M003;M005;M015;M024;M040;M043;M044;M076;M077,4,1,1,1,C0710;C0711;C0712;C1146
C0712,support,values_owned,euclidean,8,M003;M005;M015;M040;M043;M044;M076;M077,5,1,1,1,C0710;C0711;C0712;C1146;C1293
C0713,support,values_owned,euclidean,7,M003;M024;M025;M047;M050;M051;M052,8,1,1,1,C0704;C0705;C0709;C0713;C0726;C1147;C1150;C1233
C0714,support,values_owned,euclidean,10,M004;M015;M024;M025;M043;M044;M052;M074;M076;M077,9,1,1,1,C0714;C0715;C0717;C0761;C0762;C0763;C0764;C0769;C0785
C0715,support,values_owned,euclidean,9,M004;M015;M024;M025;M043;M044;M052;M076;M077,7,1,1,1,C0714;C0715;C0717;C0761;C0762;C0763;C0764
C0716,support,values_owned,euclidean,10,M004;M015;M024;M025;M044;M047;M050;M051;M052;M077,6,1,1,1,C0704;C0705;C0716;C0718;C0719;C0726
C0717,support,values_owned,euclidean,8,M004;M015;M024;M025;M044;M052;M076;M077,7,1,1,1,C0714;C0715;C0717;C0762;C0763;C0764;C0766
C0718,support,values_owned,euclidean,8,M004;M015;M024;M025;M047;M050;M051;M052,8,1,1,1,C0704;C0705;C0709;C0716;C0718;C0719;C0726;C1150
C0720,support,values_owned,euclidean,10,M004;M015;M025;M043;M044;M047;M049;M050;M052;M077,5,1,1,1,C0720;C0721;C0722;C0724;C1017
C0721,support,values_owned,euclidean,8,M004;M015;M025;M043;M044;M047;M049;M052,5,1,1,1,C0720;C0721;C0722;C1017;C1191
C0722,support,values_owned,euclidean,9,M004;M015;M025;M043;M044;M047;M049;M052;M077,4,1,1,1,C0720;C0721;C0722;C1017
C0723,support,values_owned,euclidean,10,M004;M015;M025;M047;M049;M050;M052;M074;M076;M077,4,1,1,1,C0723;C0724;C0731;C1018
C0724,support,values_owned,euclidean,9,M004;M015;M025;M047;M049;M050;M052;M076;M077,5,1,1,1,C0720;C0723;C0724;C0731;C1018
C0726,support,values_owned,euclidean,7,M004;M024;M025;M047;M050;M051;M052,10,1,1,1,C0704;C0705;C0709;C0713;C0716;C0718;C0719;C0726;C1150;C1233
C0729,support,values_owned,euclidean,8,M004;M024;M071;M072;M074;M076;M077;M079,5,1,1,1,C0727;C0728;C0729;C0730;C0739
C0730,support,values_owned,euclidean,7,M004;M024;M071;M074;M076;M077;M079,6,1,1,1,C0727;C0728;C0729;C0730;C0738;C0739
C0731,support,values_owned,euclidean,8,M004;M025;M047;M049;M050;M052;M076;M077,5,1,1,1,C0723;C0724;C0731;C1018;C1148
C0732,support,values_owned,euclidean,10,M004;M054;M071;M072;M073;M074;M075;M076;M079;M080,8,1,1,1,C0732;C0733;C0734;C0735;C0758;C0759;C0805;C0810
C0734,support,values_owned,euclidean,8,M004;M071;M072;M073;M074;M075;M079;M080,11,1,1,2,C0056;C0057;C0058;C0059;C0732;C0733;C0734;C0735;C0736;C0759;C0812
C0735,support,values_owned,euclidean,7,M004;M071;M072;M073;M075;M079;M080,7,1,1,1,C0732;C0733;C0734;C0735;C0736;C0740;C0814
C0736,support,values_owned,euclidean,6,M004;M071;M072;M073;M075;M080,4,1,1,1,C0734;C0735;C0736;C0740
C0737,support,values_owned,euclidean,4,M004;M071;M074;M076,3,1,1,1,C0737;C0738;C1230
C0738,support,values_owned,euclidean,5,M004;M071;M074;M076;M077,4,1,1,1,C0730;C0737;C0738;C0739
C0739,support,values_owned,euclidean,6,M004;M071;M074;M076;M077;M079,4,1,1,1,C0729;C0730;C0738;C0739
C0740,support,values_owned,euclidean,5,M004;M072;M073;M075;M080,4,1,1,1,C0735;C0736;C0740;C1192
C0741,support,values_owned,euclidean,10,M005;M007;M009;M010;M071;M072;M073;M074;M079;M080,14,1,1,1,C0741;C0742;C0743;C0744;C0745;C0747;C0748;C0749;C0750;C0754;C0755;C0756;C0757;C1019
C0742,support,values_owned,euclidean,9,M005;M007;M009;M010;M071;M072;M073;M079;M080,12,1,1,1,C0741;C0742;C0743;C0744;C0745;C0748;C0749;C0754;C0755;C0756;C0757;C1019
C0743,support,values_owned,euclidean,8,M005;M007;M009;M010;M071;M072;M073;M080,8,1,1,1,C0741;C0742;C0743;C0745;C0755;C0756;C1019;C1020
C0744,support,values_owned,euclidean,10,M005;M007;M010;M071;M072;M073;M074;M076;M079;M080,11,1,1,1,C0741;C0742;C0744;C0745;C0746;C0747;C0748;C0749;C0750;C0755;C0810
C0745,support,values_owned,euclidean,9,M005;M007;M010;M071;M072;M073;M074;M079;M080,14,1,1,1,C0741;C0742;C0743;C0744;C0745;C0746;C0747;C0748;C0749;C0750;C0754;C0755;C0756;C0760
C0746,support,values_owned,euclidean,10,M005;M007;M054;M071;M072;M073;M074;M076;M079;M080,12,1,1,1,C0744;C0745;C0746;C0747;C0748;C0749;C0750;C0758;C0759;C0760;C0805;C0810
C0748,support,values_owned,euclidean,8,M005;M007;M071;M072;M073;M074;M079;M080,19,1,1,2,C0056;C0057;C0058;C0059;C0741;C0742;C0744;C0745;C0746;C0747;C0748;C0749;C0750;C0751;C0753;C0755;C0759;C0760;C0812
C0749,support,values_owned,euclidean,7,M005;M007;M071;M072;M073;M079;M080,12,1,1,1,C0741;C0742;C0744;C0745;C0746;C0747;C0748;C0749;C0750;C0751;C0752;C0814
C0750,support,values_owned,euclidean,7,M005;M007;M072;M073;M074;M079;M080,12,1,1,1,C0741;C0744;C0745;C0746;C0747;C0748;C0749;C0750;C0751;C0752;C0753;C1100
C0751,support,values_owned,euclidean,6,M005;M007;M072;M073;M079;M080,6,1,1,1,C0748;C0749;C0750;C0751;C0752;C0753
C0752,support,values_owned,euclidean,5,M005;M007;M072;M073;M080,5,1,1,1,C0749;C0750;C0751;C0752;C1193
C0753,support,values_owned,euclidean,6,M005;M007;M072;M074;M079;M080,5,1,1,1,C0748;C0750;C0751;C0753;C1100
C0754,support,values_owned,euclidean,10,M005;M009;M010;M024;M071;M072;M073;M074;M079;M080,8,1,1,1,C0741;C0742;C0745;C0754;C0755;C0756;C0757;C1019
C0755,support,values_owned,euclidean,9,M005;M009;M010;M071;M072;M073;M074;M079;M080,11,1,1,1,C0741;C0742;C0743;C0744;C0745;C0748;C0754;C0755;C0756;C0757;C1019
C0756,support,values_owned,euclidean,8,M005;M009;M010;M071;M072;M073;M079;M080,10,1,1,1,C0741;C0742;C0743;C0745;C0754;C0755;C0756;C0757;C1019;C1020
C0757,support,values_owned,euclidean,7,M005;M009;M010;M072;M073;M079;M080,10,1,1,1,C0741;C0742;C0754;C0755;C0756;C0757;C1019;C1020;C1398;C1535
C0758,support,values_owned,euclidean,10,M007;M054;M071;M072;M073;M074;M075;M076;M079;M080,9,1,1,1,C0732;C0733;C0746;C0747;C0758;C0759;C0760;C0805;C0810
C0761,support,values_owned,euclidean,10,M015;M024;M025;M043;M044;M047;M052;M074;M076;M077,8,1,1,1,C0714;C0715;C0761;C0762;C0763;C0764;C0769;C0785
C0762,support,values_owned,euclidean,9,M015;M024;M025;M043;M044;M047;M052;M076;M077,7,1,1,1,C0714;C0715;C0717;C0761;C0762;C0763;C0764
C0763,support,values_owned,euclidean,8,M015;M024;M025;M043;M044;M052;M076;M077,9,1,1,1,C0714;C0715;C0717;C0761;C0762;C0763;C0764;C0766;C0769
C0764,support,values_owned,euclidean,7,M015;M024;M025;M044;M052;M076;M077,9,1,1,1,C0714;C0715;C0717;C0761;C0762;C0763;C0764;C0766;C0767
C0766,support,values_owned,euclidean,6,M015;M024;M025;M052;M076;M077,5,1,1,1,C0717;C0763;C0764;C0766;C0767
C0767,support,values_owned,euclidean,5,M015;M024;M025;M052;M077,4,1,1,1,C0764;C0765;C0766;C0767
C0770,support,values_owned,euclidean,10,M015;M032;M034;M035;M036;M044;M053;M074;M076;M077,7,1,1,1,C0770;C0771;C0772;C0773;C0776;C1101;C1149
C0771,support,values_owned,euclidean,9,M015;M032;M034;M035;M036;M053;M074;M076;M077,5,1,1,1,C0770;C0771;C0772;C1101;C1149
C0772,support,values_owned,euclidean,10,M015;M034;M035;M036;M043;M044;M053;M074;M076;M077,8,1,1,1,C0770;C0771;C0772;C0773;C0774;C0775;C0776;C0787
C0773,support,values_owned,euclidean,9,M015;M034;M035;M036;M043;M044;M074;M076;M077,6,1,1,1,C0770;C0772;C0773;C0774;C0775;C0776
C0774,support,values_owned,euclidean,8,M015;M034;M035;M036;M043;M044;M076;M077,7,1,1,1,C0772;C0773;C0774;C0775;C0776;C0777;C1021
C0775,support,values_owned,euclidean,7,M015;M034;M035;M036;M043;M044;M077,8,1,1,1,C0772;C0773;C0774;C0775;C0776;C0778;C1021;C1355
C0776,support,values_owned,euclidean,7,M015;M034;M035;M036;M044;M076;M077,8,1,1,1,C0770;C0772;C0773;C0774;C0775;C0776;C0777;C1355
C0777,support,values_owned,euclidean,6,M015;M034;M035;M036;M076;M077,5,1,1,1,C0774;C0776;C0777;C1101;C1355
C0778,support,values_owned,euclidean,5,M015;M034;M036;M043;M044,4,1,1,1,C0775;C0778;C1021;C1268
C0779,support,values_owned,euclidean,3,M015;M043;M044,2,1,1,1,C0779;C0795
C0780,support,values_owned,euclidean,7,M015;M043;M044;M045;M046;M076;M077,11,1,1,2,C0052;C0053;C0054;C0055;C0691;C0692;C0693;C0780;C0794;C0804;C1024
C0787,support,values_owned,euclidean,7,M015;M043;M044;M053;M074;M076;M077,15,1,1,2,C0052;C0053;C0054;C0055;C0772;C0781;C0782;C0785;C0787;C0788;C0792;C0793;C0794;C0797;C0798
C0788,support,values_owned,euclidean,8,M015;M043;M044;M053;M074;M076;M077;M079,12,1,1,1,C0769;C0781;C0782;C0784;C0786;C0787;C0788;C0790;C0791;C0792;C0793;C0797
C0792,support,values_owned,euclidean,6,M015;M043;M044;M074;M076;M077,13,1,1,2,C0052;C0053;C0054;C0055;C0785;C0786;C0787;C0788;C0791;C0792;C0793;C0794;C0797
C0794,support,values_owned,euclidean,5,M015;M043;M044;M076;M077,12,1,1,2,C0052;C0053;C0054;C0055;C0780;C0785;C0787;C0792;C0793;C0794;C0795;C0796
C0796,support,values_owned,euclidean,4,M015;M043;M076;M077,7,1,1,2,C0052;C0053;C0054;C0055;C0794;C0796;C1023
C0797,support,values_owned,euclidean,6,M015;M044;M053;M074;M076;M077,5,1,1,1,C0787;C0788;C0792;C0797;C0798
C0798,support,values_owned,euclidean,5,M015;M044;M053;M076;M077,4,1,1,1,C0787;C0797;C0798;C1022
C0800,support,values_owned,euclidean,3,M015;M044;M077,2,1,1,1,C0795;C0800
C0802,support,values_owned,euclidean,10,M027;M028;M032;M041;M046;M072;M073;M074;M079;M080,4,1,1,1,C0802;C0803;C1270;C1335
C0803,support,values_owned,euclidean,9,M027;M028;M041;M046;M072;M073;M074;M079;M080,4,1,1,1,C0802;C0803;C1270;C1335
C0804,support,values_owned,euclidean,6,M043;M044;M045;M046;M076;M077,4,1,1,1,C0693;C0780;C0804;C1024
C0807,support,values_owned,euclidean,4,M054;M072;M073;M079,4,1,1,1,C0807;C0817;C1025;C1319
C0816,support,values_owned,euclidean,4,M071;M073;M074;M079,3,1,1,1,C0811;C0816;C1026
C0817,support,values_owned,euclidean,3,M072;M073;M079,3,1,1,1,C0807;C0813;C0817
C0819,support,values_wishes,euclidean,8,M002;M015;M043;M044;M055;M071;M072;M073,5,1,1,1,C0819;C0820;C0821;C0822;C1103
C0820,support,values_wishes,euclidean,9,M002;M015;M043;M044;M055;M071;M072;M073;M076,6,1,1,1,C0819;C0820;C0821;C0822;C0823;C0824
C0821,support,values_wishes,euclidean,10,M002;M015;M043;M044;M055;M071;M072;M073;M076;M077,6,1,1,1,C0819;C0820;C0821;C0822;C0823;C0825
C0822,support,values_wishes,euclidean,7,M002;M015;M043;M044;M055;M071;M073,6,1,1,1,C0819;C0820;C0821;C0822;C1027;C1103
C0824,support,values_wishes,euclidean,8,M002;M015;M043;M071;M072;M073;M074;M076,6,1,1,1,C0820;C0823;C0824;C0825;C0828;C0829
C0826,support,values_wishes,euclidean,4,M002;M043;M071;M072,3,1,1,1,C0826;C0827;C1321
C0827,support,values_wishes,euclidean,5,M002;M043;M071;M072;M073,4,1,1,1,C0826;C0827;C0828;C0829
C0828,support,values_wishes,euclidean,6,M002;M043;M071;M072;M073;M074,5,1,1,1,C0824;C0827;C0828;C0829;C0882
C0830,support,values_wishes,euclidean,10,M004;M015;M043;M044;M071;M072;M073;M074;M079;M080,9,1,1,1,C0830;C0831;C0837;C0838;C0845;C0855;C0883;C0884;C0885
C0831,support,values_wishes,euclidean,9,M004;M015;M043;M044;M071;M072;M073;M079;M080,9,1,1,1,C0830;C0831;C0837;C0838;C0844;C0845;C0846;C0855;C0884
C0832,support,values_wishes,euclidean,10,M004;M024;M025;M052;M071;M073;M076;M077;M079;M080,4,1,1,1,C0832;C0833;C0834;C1152
C0833,support,values_wishes,euclidean,8,M004;M024;M025;M052;M071;M073;M077;M079,5,1,1,1,C0832;C0833;C0834;C1152;C1196
C0834,support,values_wishes,euclidean,9,M004;M024;M025;M052;M071;M073;M077;M079;M080,4,1,1,1,C0832;C0833;C0834;C1152
C0835,support,values_wishes,euclidean,5,M004;M043;M044;M071;M072,4,1,1,1,C0835;C0836;C0838;C1297
C0836,support,values_wishes,euclidean,6,M004;M043;M044;M071;M072;M073,6,1,1,1,C0835;C0836;C0837;C0838;C0881;C0882
C0837,support,values_wishes,euclidean,8,M004;M043;M044;M071;M072;M073;M079;M080,8,1,1,1,C0830;C0831;C0836;C0837;C0838;C0845;C0883;C0884
C0838,support,values_wishes,euclidean,7,M004;M043;M044;M071;M072;M073;M080,8,1,1,1,C0830;C0831;C0835;C0836;C0837;C0838;C0881;C0885
C0839,support,values_wishes,euclidean,10,M015;M030;M035;M037;M038;M043;M071;M072;M076;M077,4,1,1,1,C0839;C1029;C1153;C1197
C0840,support,values_wishes,euclidean,10,M015;M030;M035;M037;M050;M053;M072;M074;M076;M077,4,1,1,1,C0840;C1030;C1275;C1276
C0843,support,values_wishes,euclidean,10,M015;M043;M044;M047;M051;M071;M074;M077;M079;M080,4,1,1,1,C0842;C0843;C0856;C1034
C0844,support,values_wishes,euclidean,10,M015;M043;M044;M047;M071;M072;M073;M077;M079;M080,5,1,1,1,C0831;C0844;C0845;C0846;C0874
C0845,support,values_wishes,euclidean,9,M015;M043;M044;M047;M071;M072;M073;M079;M080,9,1,1,1,C0830;C0831;C0837;C0844;C0845;C0846;C0855;C0874;C0884
C0846,support,values_wishes,euclidean,8,M015;M043;M044;M047;M071;M073;M079;M080,6,1,1,1,C0831;C0844;C0845;C0846;C0874;C0892
C0851,support,values_wishes,euclidean,10,M015;M043;M044;M049;M052;M073;M074;M077;M079;M080,4,1,1,1,C0850;C0851;C0857;C0889
C0852,support,values_wishes,euclidean,10,M015;M043;M044;M049;M073;M076;M077;M078;M079;M080,4,1,1,1,C0852;C0858;C0859;C0860
C0854,support,values_wishes,euclidean,9,M015;M043;M044;M050;M071;M072;M076;M079;M080,6,1,1,1,C0841;C0853;C0854;C0855;C0861;C0891
C0856,support,values_wishes,euclidean,8,M015;M043;M047;M051;M071;M074;M077;M079,5,1,1,1,C0842;C0843;C0856;C0896;C1034
C0857,support,values_wishes,euclidean,8,M015;M043;M049;M052;M073;M074;M077;M079,5,1,1,1,C0850;C0851;C0857;C0889;C0898
C0858,support,values_wishes,euclidean,7,M015;M043;M049;M073;M076;M077;M078,6,1,1,1,C0852;C0858;C0859;C0860;C0890;C1105
C0859,support,values_wishes,euclidean,8,M015;M043;M049;M073;M076;M077;M078;M079,5,1,1,1,C0852;C0858;C0859;C0860;C0890
C0860,support,values_wishes,euclidean,9,M015;M043;M049;M073;M076;M077;M078;M079;M080,4,1,1,1,C0852;C0858;C0859;C0860
C0861,support,values_wishes,euclidean,8,M015;M043;M050;M071;M072;M076;M079;M080,5,1,1,1,C0853;C0854;C0861;C0891;C0900
C0862,support,values_wishes,euclidean,10,M024;M025;M036;M037;M051;M052;M073;M074;M076;M077,4,1,1,1,C0862;C1154;C1234;C1339
C0863,support,values_wishes,euclidean,10,M024;M025;M043;M049;M052;M072;M073;M077;M079;M080,4,1,1,1,C0863;C0864;C0865;C0866
C0864,support,values_wishes,euclidean,7,M024;M025;M043;M049;M052;M073;M077,6,1,1,1,C0863;C0864;C0865;C0866;C1104;C1363
C0865,support,values_wishes,euclidean,8,M024;M025;M043;M049;M052;M073;M077;M079,5,1,1,1,C0863;C0864;C0865;C0866;C1104
C0866,support,values_wishes,euclidean,9,M024;M025;M043;M049;M052;M073;M077;M079;M080,4,1,1,1,C0863;C0864;C0865;C0866
C0867,support,values_wishes,euclidean,10,M030;M035;M037;M038;M043;M044;M050;M051;M077;M080,4,1,1,1,C0867;C1031;C1298;C1430
C0868,support,values_wishes,euclidean,9,M041;M043;M044;M071;M072;M076;M077;M079;M080,4,1,1,1,C0841;C0868;C0869;C0870
C0869,support,values_wishes,euclidean,8,M041;M043;M044;M071;M076;M077;M079;M080,5,1,1,1,C0841;C0868;C0869;C0870;C0871
C0870,support,values_wishes,euclidean,7,M041;M043;M044;M071;M077;M079;M080,6,1,1,1,C0841;C0868;C0869;C0870;C0871;C0872
C0871,support,values_wishes,euclidean,6,M041;M043;M044;M071;M079;M080,4,1,1,1,C0869;C0870;C0871;C0872
C0872,support,values_wishes,euclidean,5,M041;M043;M044;M079;M080,4,1,1,1,C0870;C0871;C0872;C1198
C0873,support,values_wishes,euclidean,10,M043;M044;M047;M049;M051;M052;M071;M072;M073;M082,4,1,1,1,C0873;C0887;C1032;C1033
C0874,support,values_wishes,euclidean,7,M043;M044;M047;M071;M073;M079;M080,6,1,1,1,C0844;C0845;C0846;C0874;C0892;C0893
C0875,support,values_wishes,euclidean,7,M043;M044;M049;M052;M071;M077;M079,6,1,1,1,C0847;C0848;C0849;C0875;C0888;C1035
C0876,support,values_wishes,euclidean,7,M043;M044;M053;M071;M072;M073;M074,9,1,1,1,C0876;C0877;C0878;C0879;C0880;C0881;C0882;C0885;C0894
C0877,support,values_wishes,euclidean,8,M043;M044;M053;M071;M072;M073;M074;M076,7,1,1,1,C0876;C0877;C0878;C0879;C0880;C0882;C0883
C0879,support,values_wishes,euclidean,9,M043;M044;M053;M071;M072;M073;M074;M076;M080,8,1,1,1,C0855;C0876;C0877;C0878;C0879;C0883;C0884;C0885
C0880,support,values_wishes,euclidean,6,M043;M044;M053;M071;M073;M074,5,1,1,1,C0876;C0877;C0880;C0882;C0894
C0881,support,values_wishes,euclidean,5,M043;M044;M071;M072;M073,7,1,1,1,C0836;C0838;C0876;C0881;C0882;C0885;C0886
C0882,support,values_wishes,euclidean,6,M043;M044;M071;M072;M073;M074,9,1,1,1,C0828;C0836;C0876;C0877;C0880;C0881;C0882;C0884;C0885
C0885,support,values_wishes,euclidean,7,M043;M044;M071;M072;M073;M074;M080,11,1,1,1,C0830;C0838;C0855;C0876;C0878;C0879;C0881;C0882;C0883;C0884;C0885
C0886,support,values_wishes,euclidean,4,M043;M044;M072;M073,3,1,1,1,C0881;C0886;C1236
C0887,support,values_wishes,euclidean,9,M043;M047;M049;M051;M052;M071;M072;M073;M082,4,1,1,1,C0873;C0887;C1032;C1033
C0888,support,values_wishes,euclidean,6,M043;M049;M052;M071;M077;M079,4,1,1,1,C0849;C0875;C0888;C1035
C0889,support,values_wishes,euclidean,7,M043;M049;M052;M073;M074;M077;M079,6,1,1,1,C0850;C0851;C0857;C0889;C0897;C0898
C0890,support,values_wishes,euclidean,6,M043;M049;M073;M076;M077;M078,4,1,1,1,C0858;C0859;C0890;C1105
C0891,support,values_wishes,euclidean,7,M043;M050;M071;M072;M076;M079;M080,6,1,1,1,C0853;C0854;C0861;C0891;C0899;C0900
C0892,support,values_wishes,euclidean,6,M044;M047;M071;M073;M079;M080,4,1,1,1,C0846;C0874;C0892;C0893
C0893,support,values_wishes,euclidean,5,M044;M047;M071;M073;M080,4,1,1,1,C0874;C0892;C0893;C1036
C0894,support,values_wishes,euclidean,5,M044;M053;M071;M073;M074,4,1,1,1,C0876;C0880;C0894;C1037
C0895,support,values_wishes,euclidean,5,M047;M051;M071;M074;M077,4,1,1,1,C0895;C0896;C1034;C1300
C0896,support,values_wishes,euclidean,6,M047;M051;M071;M074;M077;M079,4,1,1,1,C0856;C0895;C0896;C1034
C0897,support,values_wishes,euclidean,5,M049;M052;M073;M074;M077,4,1,1,1,C0889;C0897;C0898;C1302
C0898,support,values_wishes,euclidean,6,M049;M052;M073;M074;M077;M079,4,1,1,1,C0857;C0889;C0897;C0898
C0899,support,values_wishes,euclidean,5,M050;M071;M072;M076;M079,4,1,1,1,C0891;C0899;C0900;C1155
C0900,support,values_wishes,euclidean,6,M050;M071;M072;M076;M079;M080,4,1,1,1,C0861;C0891;C0899;C0900
C0901,support,freeflow_form,euclidean,9,M010;M035;M036;M039;M045;M050;M051;M058;M083,16,1,1,2,C0001;C0002;C0003;C0106;C0107;C0110;C0111;C0138;C0901;C0903;C0906;C0908;C0909;C0921;C1052;C1115
C0902,support,freeflow_form,euclidean,10,M010;M035;M037;M038;M039;M044;M050;M051;M052;M083,6,1,1,1,C0109;C0113;C0121;C0902;C1046;C1047
C0903,support,freeflow_form,euclidean,8,M010;M035;M038;M039;M050;M051;M058;M083,10,1,1,1,C0106;C0110;C0111;C0112;C0113;C0901;C0903;C0906;C1041;C1116
C0904,support,freeflow_form,euclidean,10,M010;M035;M038;M044;M045;M049;M050;M051;M059;M083,12,1,1,1,C0108;C0112;C0114;C0115;C0116;C0118;C0119;C0904;C1039;C1040;C1042;C1043
C0905,support,freeflow_form,euclidean,8,M010;M035;M038;M044;M050;M051;M052;M059,7,1,1,1,C0109;C0114;C0905;C1038;C1238;C1241;C1342
C0906,support,freeflow_form,euclidean,9,M010;M035;M039;M045;M050;M051;M058;M059;M083,22,1,1,2,C0001;C0002;C0003;C0106;C0107;C0108;C0110;C0111;C0112;C0117;C0118;C0119;C0901;C0903;C0906;C0907;C0908;C0909;C0921;C1039;C1043;C1052
C0907,support,freeflow_form,euclidean,9,M010;M035;M045;M050;M051;M058;M059;M060;M083,16,1,1,2,C0001;C0002;C0003;C0107;C0110;C0117;C0118;C0119;C0906;C0907;C0908;C0909;C1039;C1043;C1052;C1053
C0908,support,freeflow_form,euclidean,8,M010;M035;M045;M050;M051;M058;M059;M083,20,1,1,2,C0001;C0002;C0003;C0110;C0111;C0112;C0114;C0116;C0117;C0118;C0119;C0120;C0901;C0906;C0907;C0908;C0909;C0910;C1039;C1043
C0909,support,freeflow_form,euclidean,8,M010;M035;M045;M050;M051;M058;M060;M083,18,1,1,2,C0001;C0002;C0003;C0107;C0111;C0117;C0118;C0138;C0901;C0906;C0907;C0908;C0909;C0910;C1052;C1053;C1162;C1303
C0910,support,freeflow_form,euclidean,6,M010;M035;M045;M050;M051;M083,14,1,1,2,C0001;C0002;C0003;C0074;C0119;C0120;C0908;C0909;C0910;C1039;C1041;C1043;C1158;C1159
C0911,support,freeflow_form,euclidean,9,M017;M019;M072;M074;M077;M078;M079;M080;M081,4,1,1,1,C0122;C0125;C0126;C0911
C0912,support,freeflow_form,euclidean,10,M021;M033;M036;M037;M038;M039;M043;M050;M052;M083,14,1,1,1,C0131;C0132;C0133;C0134;C0135;C0136;C0912;C0913;C0914;C0917;C0919;C1049;C1051;C1118
C0913,support,freeflow_form,euclidean,8,M021;M033;M036;M037;M038;M039;M043;M052,16,1,1,1,C0129;C0130;C0131;C0132;C0134;C0137;C0912;C0913;C0914;C0915;C0916;C0917;C0919;C1050;C1110;C1114
C0914,support,freeflow_form,euclidean,9,M021;M033;M036;M037;M038;M039;M043;M052;M073,12,1,1,1,C0129;C0130;C0131;C0132;C0134;C0912;C0913;C0914;C0915;C0916;C0919;C1048
C0915,support,freeflow_form,euclidean,10,M021;M033;M036;M037;M038;M039;M043;M052;M073;M074,9,1,1,1,C0130;C0131;C0132;C0134;C0913;C0914;C0915;C0919;C1048
C0916,support,freeflow_form,euclidean,10,M021;M033;M036;M037;M038;M039;M043;M052;M075;M076,7,1,1,1,C0131;C0132;C0134;C0913;C0914;C0916;C0919
C0917,support,freeflow_form,euclidean,9,M021;M033;M036;M037;M039;M043;M050;M052;M083,10,1,1,1,C0129;C0132;C0133;C0134;C0136;C0912;C0913;C0917;C1049;C1051
C0918,support,freeflow_form,euclidean,10,M021;M035;M036;M037;M038;M039;M050;M051;M052;M083,4,1,1,1,C0135;C0136;C0918;C1118
C0919,support,freeflow_form,euclidean,7,M021;M036;M037;M038;M039;M043;M052,12,1,1,1,C0131;C0132;C0134;C0137;C0912;C0913;C0914;C0915;C0916;C0919;C0920;C1242
C0920,support,freeflow_form,euclidean,5,M021;M036;M037;M039;M052,8,1,1,1,C0134;C0137;C0919;C0920;C1050;C1051;C1161;C1385
C0921,support,freeflow_form,euclidean,8,M035;M036;M039;M045;M050;M051;M058;M083,10,1,1,1,C0106;C0107;C0111;C0138;C0901;C0906;C0921;C1052;C1115;C1116
C0922,support,freeflow_form,euclidean,5,M074;M077;M078;M079;M081,4,1,1,1,C0126;C0128;C0922;C1280
C0923,support,posture,euclidean,4,M002;M004;M022;M025,3,1,1,1,C0923;C0924;C1345
C0924,support,posture,euclidean,5,M002;M004;M022;M025;M035,4,1,1,1,C0178;C0179;C0923;C0924
C0927,support,posture,euclidean,10,M003;M011;M012;M015;M021;M034;M036;M037;M038;M052,10,1,1,1,C0213;C0214;C0215;C0216;C0217;C0220;C0221;C0223;C0927;C0929
C0928,support,posture,euclidean,5,M003;M011;M012;M036;M038,5,1,1,1,C0221;C0222;C0223;C0928;C1204
C0930,support,posture,euclidean,5,M004;M012;M015;M024;M052,4,1,1,1,C0257;C0258;C0930;C1165
C0932,support,posture,euclidean,6,M005;M030;M032;M054;M055;M080,5,1,1,1,C0276;C0279;C0931;C0932;C1056
C0933,support,posture,euclidean,6,M011;M012;M034;M036;M037;M038,6,1,1,1,C0216;C0223;C0293;C0933;C0937;C1054
C0934,support,posture,euclidean,5,M011;M015;M022;M036;M038,4,1,1,1,C0291;C0292;C0934;C1243
C0935,support,posture,euclidean,5,M011;M015;M024;M047;M053,4,1,1,1,C0285;C0287;C0935;C0936
C0936,support,posture,euclidean,4,M011;M015;M047;M053,3,1,1,1,C0935;C0936;C1504
C0937,support,posture,euclidean,5,M011;M034;M036;M037;M038,8,1,1,1,C0223;C0293;C0929;C0933;C0937;C1054;C1057;C1064
C0938,support,posture,euclidean,4,M015;M016;M022;M024,3,1,1,1,C0306;C0938;C1389
C0939,support,posture,euclidean,9,M024;M053;M055;M071;M072;M073;M074;M076;M079,7,1,1,1,C0319;C0321;C0322;C0939;C1060;C1061;C1065
C0940,support,posture,euclidean,10,M025;M043;M044;M045;M049;M056;M057;M078;M081;M082,12,1,1,2,C0012;C0013;C0341;C0342;C0343;C0344;C0345;C0346;C0347;C0348;C0940;C0945
C0941,support,posture,euclidean,9,M027;M028;M032;M035;M054;M055;M072;M079;M080,8,1,1,1,C0323;C0324;C0326;C0327;C0328;C0941;C0942;C0943
C0942,support,posture,euclidean,8,M027;M028;M032;M054;M055;M072;M079;M080,11,1,1,1,C0323;C0324;C0325;C0326;C0327;C0328;C0330;C0338;C0941;C0942;C0943
C0943,support,posture,euclidean,7,M027;M032;M054;M055;M072;M079;M080,11,1,1,1,C0277;C0323;C0324;C0327;C0328;C0333;C0338;C0358;C0941;C0942;C0943
C0944,support,posture,euclidean,8,M043;M044;M045;M049;M050;M077;M078;M082,9,1,1,1,C0207;C0208;C0209;C0210;C0340;C0341;C0944;C0946;C1125
C0945,support,posture,euclidean,8,M043;M044;M045;M049;M057;M078;M081;M082,13,1,1,1,C0340;C0341;C0342;C0343;C0344;C0345;C0346;C0347;C0352;C0940;C0945;C0947;C0948
C0946,support,posture,euclidean,7,M043;M044;M049;M050;M077;M078;M082,9,1,1,1,C0207;C0208;C0209;C0210;C0340;C0944;C0946;C1125;C1244
C0947,support,posture,euclidean,8,M044;M045;M049;M050;M057;M078;M081;M082,9,1,1,1,C0340;C0341;C0343;C0346;C0347;C0352;C0945;C0947;C0948
C0948,support,posture,euclidean,6,M044;M049;M057;M078;M081;M082,8,1,1,1,C0344;C0346;C0347;C0352;C0355;C0945;C0947;C0948
C0950,support,posture,euclidean,4,M045;M049;M057;M081,6,1,1,2,C0065;C0349;C0350;C0351;C0950;C1306
C0951,support,posture,euclidean,5,M055;M071;M072;M073;M074,11,1,1,3,C0018;C0019;C0066;C0067;C0081;C0360;C0361;C0951;C0953;C1061;C1065
C0954,support,v1_markers,euclidean,3,M002;M021;M054,3,1,1,1,C0407;C0413;C0954
C0955,support,v1_markers,euclidean,10,M003;M004;M011;M013;M024;M045;M052;M059;M073;M076,4,1,1,1,C0417;C0418;C0955;C1067
C0956,support,v1_markers,euclidean,9,M003;M004;M011;M013;M027;M052;M053;M073;M076,4,1,1,1,C0416;C0956;C0957;C0958
C0957,support,v1_markers,euclidean,8,M003;M004;M011;M013;M027;M052;M053;M076,5,1,1,1,C0416;C0956;C0957;C0958;C0960
C0958,support,v1_markers,euclidean,7,M003;M004;M013;M027;M052;M053;M076,6,1,1,1,C0416;C0420;C0956;C0957;C0958;C0960
C0959,support,v1_markers,euclidean,6,M003;M004;M027;M041;M053;M054,4,1,1,1,C0415;C0419;C0959;C1282
C0960,support,v1_markers,euclidean,6,M003;M004;M027;M052;M053;M076,4,1,1,1,C0420;C0957;C0958;C0960
C0961,support,v1_markers,euclidean,10,M003;M004;M041;M052;M053;M056;M058;M059;M076;M083,4,1,1,1,C0461;C0462;C0961;C0967
C0962,support,v1_markers,euclidean,8,M003;M011;M013;M022;M024;M054;M073;M076,6,1,1,1,C0426;C0427;C0429;C0430;C0510;C0962
C0963,support,v1_markers,euclidean,3,M003;M011;M054,2,1,1,1,C0446;C0963
C0964,support,v1_markers,euclidean,9,M003;M012;M013;M024;M033;M053;M072;M073;M075,5,1,1,1,C0431;C0447;C0964;C1129;C1130
C0965,support,v1_markers,euclidean,10,M003;M030;M031;M033;M034;M038;M039;M053;M072;M073,4,1,1,1,C0453;C0535;C0536;C0965
C0966,support,v1_markers,euclidean,4,M003;M033;M072;M073,3,1,1,1,C0966;C1212;C1351
C0967,support,v1_markers,euclidean,8,M004;M052;M053;M056;M058;M059;M076;M083,5,1,1,1,C0461;C0462;C0464;C0961;C0967
C0968,support,v1_markers,euclidean,4,M007;M009;M040;M054,3,1,1,1,C0502;C0968;C1070
C0969,support,v1_markers,euclidean,9,M011;M012;M013;M024;M053;M054;M071;M072;M073,5,1,1,1,C0421;C0519;C0521;C0969;C1071
C0971,support,v1_markers,euclidean,8,M012;M013;M022;M024;M033;M071;M072;M073,6,1,1,1,C0519;C0520;C0971;C1072;C1073;C1131
C0972,support,v1_markers,euclidean,8,M013;M021;M022;M024;M031;M035;M039;M049,5,1,1,1,C0460;C0522;C0972;C1075;C1132
C0973,support,v1_markers,euclidean,9,M022;M024;M031;M033;M035;M036;M038;M039;M049,6,1,1,1,C0529;C0973;C0976;C1074;C1178;C1312
C0974,support,v1_markers,euclidean,3,M028;M043;M044,7,1,1,2,C0028;C0029;C0030;C0031;C0531;C0534;C0974
C0975,support,v1_markers,euclidean,6,M030;M031;M032;M033;M034;M053,5,1,1,1,C0450;C0451;C0975;C1179;C1459
C0976,support,v1_markers,euclidean,7,M031;M033;M035;M036;M038;M039;M049,9,1,1,1,C0973;C0976;C1074;C1134;C1178;C1312;C1313;C1376;C1635
C0977,support,v1_markers,euclidean,5,M041;M046;M053;M054;M078,4,1,1,1,C0488;C0494;C0977;C1136
C0978,support,v1_markers,euclidean,3,M043;M044;M055,2,1,1,1,C0552;C0978
C0979,support,v1_markers,euclidean,10,M045;M047;M052;M056;M058;M059;M060;M081;M082;M083,11,1,1,1,C0541;C0545;C0553;C0554;C0555;C0556;C0558;C0559;C0562;C0979;C0980
C0980,support,v1_markers,euclidean,7,M045;M052;M056;M058;M059;M082;M083,18,1,1,2,C0032;C0541;C0544;C0545;C0546;C0553;C0554;C0555;C0556;C0557;C0558;C0559;C0560;C0562;C0563;C0979;C0980;C0981
C0981,support,v1_markers,euclidean,5,M052;M056;M058;M059;M083,10,1,1,1,C0462;C0464;C0546;C0559;C0560;C0564;C0566;C0980;C0981;C1252
C0982,support,v1_markers,euclidean,5,M056;M058;M059;M081;M082,4,1,1,1,C0562;C0565;C0982;C1079
C0985,support,values_cross_surface,euclidean,8,M002;M029;M030;M032;M033;M037;M038;M039,5,1,1,1,C0985;C0986;C1217;C1461;C1702
C0986,support,values_cross_surface,euclidean,10,M002;M029;M030;M032;M033;M037;M038;M039;M041;M050,4,1,1,1,C0985;C0986;C1217;C1461
C0987,support,values_cross_surface,euclidean,9,M034;M035;M036;M045;M046;M047;M049;M082;M083,4,1,1,1,C0987;C1080;C1081;C1492
C0988,support,values_disclosure,euclidean,6,M002;M011;M012;M015;M022;M052,5,1,1,1,C0585;C0988;C0989;C1092;C1255
C0989,support,values_disclosure,euclidean,7,M002;M011;M012;M015;M022;M052;M080,6,1,1,1,C0583;C0584;C0585;C0988;C0989;C1255
C0990,support,values_disclosure,euclidean,5,M002;M012;M015;M038;M040,9,1,1,2,C0045;C0086;C0087;C0574;C0578;C0586;C0590;C0990;C1143
C0991,support,values_disclosure,euclidean,8,M002;M015;M022;M038;M040;M050;M052;M072,5,1,1,1,C0592;C0593;C0991;C1082;C1137
C0992,support,values_disclosure,euclidean,9,M003;M005;M012;M021;M027;M036;M037;M038;M040,13,1,1,1,C0603;C0604;C0605;C0607;C0608;C0609;C0612;C0618;C0619;C0621;C0624;C0626;C0992
C0993,support,values_disclosure,euclidean,8,M003;M011;M012;M015;M022;M038;M040;M052,6,1,1,1,C0570;C0606;C0993;C1007;C1092;C1138
C0994,support,values_disclosure,euclidean,6,M003;M012;M015;M021;M038;M040,8,1,1,1,C0571;C0574;C0612;C0615;C0616;C0994;C0995;C0997
C0995,support,values_disclosure,euclidean,5,M003;M012;M015;M038;M040,11,1,1,2,C0045;C0086;C0087;C0574;C0578;C0615;C0616;C0994;C0995;C0998;C1143
C0996,support,values_disclosure,euclidean,6,M003;M012;M021;M027;M037;M038,10,1,1,1,C0604;C0609;C0610;C0612;C0619;C0620;C0621;C0624;C0625;C0996
C0997,support,values_disclosure,euclidean,5,M003;M012;M021;M038;M040,8,1,1,1,C0611;C0615;C0616;C0621;C0626;C0994;C0997;C0998
C0998,support,values_disclosure,euclidean,4,M003;M012;M038;M040,5,1,1,2,C0103;C0995;C0997;C0998;C1264
C0999,support,values_disclosure,euclidean,8,M003;M021;M027;M034;M035;M036;M037;M038,6,1,1,1,C0617;C0618;C0999;C1000;C1004;C1352
C1000,support,values_disclosure,euclidean,7,M003;M021;M027;M035;M036;M037;M038,8,1,1,1,C0617;C0618;C0999;C1000;C1004;C1140;C1185;C1258
C1001,support,values_disclosure,euclidean,8,M003;M021;M027;M071;M072;M077;M079;M080,5,1,1,1,C0631;C0632;C0633;C1001;C1002
C1002,support,values_disclosure,euclidean,7,M003;M021;M027;M071;M077;M079;M080,6,1,1,1,C0631;C0632;C0633;C1001;C1002;C1003
C1003,support,values_disclosure,euclidean,5,M003;M021;M027;M079;M080,5,1,1,1,C0630;C0633;C1002;C1003;C1089
C1004,support,values_disclosure,euclidean,6,M003;M021;M035;M036;M037;M038,6,1,1,1,C0625;C0999;C1000;C1004;C1140;C1258
C1006,support,values_disclosure,euclidean,3,M007;M028;M032,6,1,1,2,C0043;C0044;C0085;C0090;C0655;C1006
C1007,support,values_disclosure,euclidean,7,M011;M012;M015;M022;M038;M040;M052,6,1,1,1,C0570;C0606;C0993;C1007;C1092;C1220
C1008,support,values_disclosure,euclidean,4,M015;M022;M040;M052,3,1,1,1,C1008;C1221;C1463
C1009,support,values_disclosure,euclidean,4,M044;M045;M056;M081,3,1,1,1,C0664;C1009;C1292
C1010,support,values_disclosure,euclidean,4,M044;M058;M060;M081,4,1,1,1,C0679;C1010;C1011;C1013
C1011,support,values_disclosure,euclidean,3,M044;M058;M081,3,1,1,1,C0680;C1010;C1011
C1012,support,values_disclosure,euclidean,6,M044;M059;M060;M081;M082;M083,6,1,1,1,C0674;C0675;C0676;C1012;C1096;C1224
C1013,support,values_disclosure,euclidean,3,M044;M060;M081,2,1,1,1,C1010;C1013
C1014,support,values_owned,euclidean,5,M002;M027;M074;M076;M079,4,1,1,1,C0698;C0700;C1014;C1225
C1015,support,values_owned,euclidean,4,M002;M074;M076;M077,3,1,1,1,C0699;C1015;C1189
C1016,support,values_owned,euclidean,9,M003;M004;M011;M013;M015;M022;M024;M025;M052,7,1,1,1,C0701;C1016;C1190;C1226;C1227;C1265;C1266
C1017,support,values_owned,euclidean,7,M004;M025;M043;M044;M047;M049;M052,6,1,1,1,C0720;C0721;C0722;C1017;C1191;C1267
C1018,support,values_owned,euclidean,7,M004;M025;M047;M049;M050;M052;M076,7,1,1,1,C0723;C0724;C0731;C1018;C1148;C1267;C1317
C1019,support,values_owned,euclidean,7,M005;M009;M010;M071;M072;M073;M080,11,1,1,1,C0741;C0742;C0743;C0754;C0755;C0756;C0757;C1019;C1020;C1398;C1535
C1020,support,values_owned,euclidean,6,M005;M009;M010;M072;M073;M080,7,1,1,1,C0743;C0756;C0757;C1019;C1020;C1398;C1535
C1021,support,values_owned,euclidean,6,M015;M034;M035;M036;M043;M044,4,1,1,1,C0774;C0775;C0778;C1021
C1022,support,values_owned,euclidean,4,M015;M053;M076;M077,4,1,1,1,C0798;C1022;C1023;C1232
C1023,support,values_owned,euclidean,3,M015;M076;M077,3,1,1,1,C0796;C1022;C1023
C1024,support,values_owned,euclidean,5,M043;M045;M046;M076;M077,4,1,1,1,C0780;C0804;C1024;C1271
C1026,support,values_owned,euclidean,3,M071;M074;M079,2,1,1,1,C0816;C1026
C1027,support,values_wishes,euclidean,5,M002;M015;M044;M055;M071,4,1,1,1,C0822;C1027;C1103;C1362
C1028,support,values_wishes,euclidean,10,M003;M015;M030;M045;M052;M071;M072;M073;M075;M079,3,1,1,1,C1028;C1296;C1486
C1029,support,values_wishes,euclidean,9,M015;M030;M035;M037;M038;M043;M071;M076;M077,4,1,1,1,C0839;C1029;C1153;C1197
C1030,support,values_wishes,euclidean,9,M015;M030;M035;M037;M050;M053;M072;M076;M077,4,1,1,1,C0840;C1030;C1275;C1276
C1031,support,values_wishes,euclidean,9,M030;M035;M037;M038;M043;M044;M050;M051;M077,4,1,1,1,C0867;C1031;C1298;C1430
C1032,support,values_wishes,euclidean,8,M043;M047;M049;M051;M052;M071;M072;M082,5,1,1,1,C0873;C0887;C1032;C1033;C1106
C1033,support,values_wishes,euclidean,7,M043;M047;M049;M051;M052;M071;M082,6,1,1,1,C0873;C0887;C1032;C1033;C1106;C1237
C1034,support,values_wishes,euclidean,7,M043;M047;M051;M071;M074;M077;M079,6,1,1,1,C0842;C0843;C0856;C0895;C0896;C1034
C1035,support,values_wishes,euclidean,5,M043;M049;M052;M071;M077,4,1,1,1,C0875;C0888;C1035;C1299
C1036,support,values_wishes,euclidean,4,M044;M047;M071;M073,3,1,1,1,C0893;C1036;C1301
C1037,support,values_wishes,euclidean,4,M053;M071;M073;M074,3,1,1,1,C0894;C1037;C1433
C1038,support,freeflow_form,euclidean,10,M010;M035;M038;M039;M044;M050;M051;M052;M059;M075,4,1,1,1,C0109;C0905;C1038;C1241
C1039,support,freeflow_form,euclidean,8,M010;M035;M038;M045;M050;M051;M059;M083,18,1,1,1,C0108;C0110;C0111;C0112;C0114;C0116;C0118;C0119;C0120;C0904;C0906;C0907;C0908;C0910;C1039;C1040;C1043;C1238
C1040,support,freeflow_form,euclidean,7,M010;M035;M038;M050;M051;M059;M083,14,1,1,2,C0074;C0108;C0110;C0112;C0113;C0114;C0120;C0904;C1039;C1040;C1043;C1045;C1159;C1238
C1041,support,freeflow_form,euclidean,6,M010;M035;M039;M050;M051;M083,8,1,1,2,C0074;C0113;C0120;C0903;C0910;C1041;C1116;C1159
C1042,support,freeflow_form,euclidean,7,M010;M035;M045;M049;M050;M051;M059,13,1,1,1,C0115;C0116;C0117;C0118;C0119;C0904;C1042;C1043;C1044;C1045;C1158;C1199;C1278
C1043,support,freeflow_form,euclidean,7,M010;M035;M045;M050;M051;M059;M083,25,1,1,2,C0001;C0002;C0003;C0074;C0108;C0110;C0112;C0114;C0116;C0117;C0118;C0119;C0120;C0904;C0906;C0907;C0908;C0910;C1039;C1040;C1042;C1043;C1045;C1158;C1159
C1044,support,freeflow_form,euclidean,6,M010;M035;M049;M050;M051;M059,9,1,1,1,C0115;C0119;C0120;C1042;C1044;C1045;C1199;C1238;C1278
C1045,support,freeflow_form,euclidean,5,M010;M035;M050;M051;M059,9,1,1,1,C0120;C1040;C1042;C1043;C1044;C1045;C1200;C1238;C1239
C1046,support,freeflow_form,euclidean,8,M010;M037;M038;M039;M044;M050;M051;M052,6,1,1,1,C0109;C0121;C0902;C1046;C1047;C1111
C1047,support,freeflow_form,euclidean,7,M010;M037;M038;M039;M050;M051;M052,6,1,1,1,C0121;C0902;C1046;C1047;C1111;C1240
C1048,support,freeflow_form,euclidean,10,M021;M032;M033;M036;M037;M039;M043;M052;M073;M074,8,1,1,1,C0129;C0130;C0134;C0914;C0915;C1048;C1110;C1279
C1049,support,freeflow_form,euclidean,8,M021;M033;M036;M037;M039;M050;M052;M083,11,1,1,1,C0132;C0133;C0135;C0136;C0912;C0917;C1049;C1050;C1051;C1163;C1201
C1050,support,freeflow_form,euclidean,6,M021;M033;M036;M037;M039;M052,10,1,1,1,C0129;C0134;C0137;C0913;C0920;C1049;C1050;C1051;C1114;C1201
C1051,support,freeflow_form,euclidean,7,M021;M033;M036;M037;M039;M052;M083,11,1,1,1,C0132;C0133;C0134;C0912;C0917;C0920;C1049;C1050;C1051;C1201;C1203
C1052,support,freeflow_form,euclidean,8,M035;M039;M045;M050;M051;M058;M060;M083,13,1,1,1,C0107;C0111;C0138;C0901;C0906;C0907;C0909;C0921;C1052;C1053;C1116;C1162;C1303
C1053,support,freeflow_form,euclidean,7,M035;M045;M050;M051;M058;M060;M083,13,1,1,2,C0001;C0002;C0003;C0107;C0117;C0138;C0907;C0909;C1052;C1053;C1162;C1303;C1403
C1054,support,posture,euclidean,6,M003;M011;M034;M036;M037;M038,7,1,1,1,C0216;C0223;C0293;C0929;C0933;C0937;C1054
C1055,support,posture,euclidean,3,M003;M012;M046,2,1,1,1,C0247;C1055
C1056,support,posture,euclidean,5,M005;M030;M032;M054;M055,4,1,1,1,C0279;C0932;C1056;C1166
C1058,support,posture,euclidean,4,M012;M016;M024;M046,3,1,1,1,C0303;C1058;C1387
C1059,support,posture,euclidean,10,M013;M016;M024;M047;M050;M052;M071;M072;M074;M076,4,1,1,1,C1059;C1119;C1206;C1325
C1060,support,posture,euclidean,10,M016;M024;M053;M055;M071;M072;M073;M074;M076;M079,6,1,1,1,C0321;C0322;C0939;C1060;C1061;C1065
C1061,support,posture,euclidean,7,M024;M055;M071;M072;M073;M074;M076,11,1,1,1,C0319;C0321;C0322;C0939;C0951;C1060;C1061;C1065;C1120;C1170;C1207
C1062,support,posture,euclidean,10,M028;M029;M032;M033;M054;M055;M072;M075;M079;M080,9,1,1,1,C0324;C0336;C0337;C1062;C1121;C1168;C1281;C1326;C1346
C1063,support,posture,euclidean,9,M028;M033;M041;M055;M071;M072;M073;M074;M080,4,1,1,1,C1063;C1123;C1347;C1437
C1066,support,posture,euclidean,3,M055;M079;M080,3,1,1,1,C0334;C0359;C1066
C1067,support,v1_markers,euclidean,7,M003;M004;M011;M013;M052;M059;M076,6,1,1,1,C0417;C0418;C0955;C1067;C1174;C1329
C1068,support,v1_markers,euclidean,5,M003;M024;M053;M072;M073,5,1,1,1,C0432;C0443;C1068;C1130;C1173
C1069,support,v1_markers,euclidean,4,M003;M027;M041;M053,3,1,1,1,C1069;C1282;C1593
C1070,support,v1_markers,euclidean,3,M007;M009;M040,2,1,1,1,C0968;C1070
C1071,support,v1_markers,euclidean,7,M012;M013;M024;M054;M071;M072;M073,9,1,1,1,C0421;C0519;C0521;C0969;C1071;C1072;C1131;C1284;C1309
C1072,support,v1_markers,euclidean,6,M012;M013;M024;M071;M072;M073,8,1,1,1,C0521;C0971;C1071;C1072;C1073;C1131;C1284;C1309
C1073,support,v1_markers,euclidean,6,M012;M024;M033;M071;M072;M073,5,1,1,1,C0971;C1072;C1073;C1131;C1284
C1074,support,v1_markers,euclidean,10,M022;M024;M025;M031;M033;M035;M036;M038;M039;M049,7,1,1,1,C0529;C0973;C0976;C1074;C1178;C1312;C1376
C1075,support,v1_markers,euclidean,6,M022;M024;M031;M035;M039;M049,5,1,1,1,C0529;C0972;C1075;C1132;C1246
C1076,support,v1_markers,euclidean,3,M022;M031;M039,2,1,1,1,C1076;C1077
C1077,support,v1_markers,euclidean,4,M022;M031;M039;M053,4,1,1,1,C0530;C1076;C1077;C1135
C1078,support,v1_markers,euclidean,10,M030;M031;M032;M033;M034;M037;M038;M039;M053;M072,4,1,1,1,C1078;C1249;C1330;C1491
C1079,support,v1_markers,euclidean,4,M056;M058;M059;M081,3,1,1,1,C0982;C1079;C1216
C1080,support,values_cross_surface,euclidean,10,M031;M034;M035;M036;M045;M046;M047;M049;M082;M083,4,1,1,1,C0987;C1080;C1081;C1492
C1081,support,values_cross_surface,euclidean,8,M035;M036;M045;M046;M047;M049;M082;M083,5,1,1,1,C0987;C1080;C1081;C1492;C1637
C1082,support,values_disclosure,euclidean,7,M002;M015;M022;M038;M040;M050;M052,6,1,1,1,C0592;C0593;C0991;C1082;C1137;C1221
C1083,support,values_disclosure,euclidean,3,M002;M015;M040,2,1,1,1,C1083;C1219
C1084,support,values_disclosure,euclidean,9,M002;M015;M040;M047;M049;M050;M052;M071;M072,4,1,1,1,C0594;C1084;C1085;C1182
C1085,support,values_disclosure,euclidean,8,M002;M015;M040;M047;M049;M050;M052;M072,5,1,1,1,C0594;C1084;C1085;C1182;C1218
C1087,support,values_disclosure,euclidean,6,M003;M021;M027;M035;M036;M080,4,1,1,1,C0629;C0630;C1087;C1185
C1088,support,values_disclosure,euclidean,4,M003;M021;M027;M037,9,1,1,3,C0071;C0072;C0083;C0093;C0100;C0620;C1088;C1260;C1314
C1089,support,values_disclosure,euclidean,4,M003;M021;M027;M080,3,1,1,1,C1003;C1089;C1314
C1092,support,values_disclosure,euclidean,6,M011;M012;M015;M022;M038;M052,5,1,1,1,C0988;C0993;C1007;C1092;C1220
C1093,support,values_disclosure,euclidean,8,M011;M012;M016;M022;M024;M038;M040;M052,5,1,1,1,C1093;C1138;C1184;C1290;C1408
C1094,support,values_disclosure,euclidean,3,M044;M056;M060,2,1,1,1,C0678;C1094
C1095,support,values_disclosure,euclidean,5,M045;M059;M060;M081;M082,5,1,1,1,C0675;C0676;C0681;C1095;C1396
C1096,support,values_disclosure,euclidean,6,M049;M059;M060;M081;M082;M083,5,1,1,1,C0674;C0681;C1012;C1096;C1483
C1098,support,values_disclosure,euclidean,3,M077;M079;M080,3,1,1,1,C0602;C0686;C1098
C1099,support,values_owned,euclidean,6,M002;M027;M045;M046;M076;M077,4,1,1,1,C0695;C0696;C1099;C1188
C1100,support,values_owned,euclidean,5,M005;M007;M074;M079;M080,4,1,1,1,C0750;C0753;C1100;C1231
C1101,support,values_owned,euclidean,8,M015;M032;M034;M035;M036;M053;M076;M077,6,1,1,1,C0770;C0771;C0777;C1101;C1149;C1495
C1102,support,values_owned,euclidean,10,M015;M044;M047;M052;M053;M058;M059;M060;M082;M083,7,1,1,1,C1102;C1380;C1445;C1446;C1467;C1514;C1650
C1103,support,values_wishes,euclidean,6,M002;M015;M043;M044;M055;M071,4,1,1,1,C0819;C0822;C1027;C1103
C1104,support,values_wishes,euclidean,6,M024;M025;M049;M052;M073;M077,4,1,1,1,C0864;C0865;C1104;C1363
C1105,support,values_wishes,euclidean,5,M043;M049;M073;M076;M078,4,1,1,1,C0858;C0890;C1105;C1418
C1106,support,values_wishes,euclidean,6,M047;M049;M051;M052;M071;M082,4,1,1,1,C1032;C1033;C1106;C1237
C1107,support,freeflow_form,euclidean,9,M003;M012;M021;M032;M033;M037;M043;M047;M052,4,1,1,1,C1107;C1108;C1109;C1384
C1108,support,freeflow_form,euclidean,10,M003;M012;M021;M032;M033;M037;M043;M047;M052;M071,4,1,1,1,C1107;C1108;C1109;C1384
C1109,support,freeflow_form,euclidean,8,M003;M012;M021;M032;M033;M037;M043;M052,6,1,1,1,C1107;C1108;C1109;C1112;C1384;C1419
C1110,support,freeflow_form,euclidean,9,M005;M021;M032;M033;M036;M037;M039;M043;M052,8,1,1,1,C0105;C0129;C0130;C0134;C0913;C1048;C1110;C1279
C1111,support,freeflow_form,euclidean,6,M010;M038;M039;M050;M051;M052,4,1,1,1,C1046;C1047;C1111;C1240
C1112,support,freeflow_form,euclidean,6,M021;M032;M033;M037;M043;M052,6,1,1,1,C0129;C1109;C1112;C1114;C1202;C1279
C1113,support,freeflow_form,euclidean,5,M021;M033;M036;M037;M043,5,1,1,1,C0134;C1113;C1114;C1279;C1368
C1114,support,freeflow_form,euclidean,6,M021;M033;M036;M037;M043;M052,9,1,1,1,C0129;C0134;C0913;C1050;C1112;C1113;C1114;C1202;C1279
C1115,support,freeflow_form,euclidean,7,M035;M036;M039;M050;M051;M058;M083,8,1,1,1,C0106;C0107;C0138;C0901;C0921;C1115;C1116;C1117
C1116,support,freeflow_form,euclidean,6,M035;M039;M050;M051;M058;M083,7,1,1,1,C0903;C0921;C1041;C1052;C1115;C1116;C1117
C1117,support,freeflow_form,euclidean,5,M035;M039;M050;M058;M083,4,1,1,1,C1115;C1116;C1117;C1386
C1118,support,freeflow_form,euclidean,7,M036;M037;M038;M039;M050;M052;M083,7,1,1,1,C0135;C0136;C0912;C0918;C1118;C1163;C1304
C1119,support,posture,euclidean,9,M013;M016;M024;M047;M050;M071;M072;M074;M076,4,1,1,1,C1059;C1119;C1206;C1325
C1120,support,posture,euclidean,6,M024;M071;M072;M073;M074;M076,6,1,1,1,C0321;C1061;C1120;C1170;C1171;C1207
C1121,support,posture,euclidean,9,M028;M029;M032;M033;M054;M055;M072;M075;M080,7,1,1,1,C0336;C1062;C1121;C1168;C1281;C1326;C1346
C1122,support,posture,euclidean,6,M028;M032;M033;M055;M079;M080,5,1,1,1,C0326;C0337;C1122;C1168;C1208
C1123,support,posture,euclidean,10,M028;M033;M041;M055;M071;M072;M073;M074;M079;M080,5,1,1,1,C0361;C1063;C1123;C1347;C1437
C1124,support,posture,euclidean,10,M029;M032;M033;M054;M055;M071;M072;M073;M074;M075,4,1,1,1,C1124;C1209;C1305;C1390
C1125,support,posture,euclidean,6,M043;M044;M049;M077;M078;M082,5,1,1,1,C0210;C0944;C0946;C1125;C1244
C1126,support,posture,euclidean,4,M045;M049;M078;M082,3,1,1,1,C0353;C1126;C1128
C1127,support,posture,euclidean,3,M047;M050;M077,2,1,1,1,C0317;C1127
C1129,support,v1_markers,euclidean,8,M003;M012;M024;M033;M053;M072;M073;M075,5,1,1,1,C0447;C0964;C1129;C1130;C1283
C1130,support,v1_markers,euclidean,7,M003;M024;M033;M053;M072;M073;M075,7,1,1,1,C0447;C0964;C1068;C1129;C1130;C1212;C1283
C1131,support,v1_markers,euclidean,7,M012;M013;M024;M033;M071;M072;M073,9,1,1,1,C0519;C0520;C0971;C1071;C1072;C1073;C1131;C1284;C1309
C1132,support,v1_markers,euclidean,7,M013;M022;M024;M031;M035;M039;M049,6,1,1,1,C0460;C0522;C0972;C1075;C1132;C1246
C1134,support,v1_markers,euclidean,6,M031;M035;M036;M038;M039;M049,6,1,1,1,C0529;C0976;C1134;C1178;C1312;C1313
C1135,support,v1_markers,euclidean,3,M031;M039;M053,3,1,1,1,C0457;C1077;C1135
C1136,support,v1_markers,euclidean,4,M041;M046;M054;M078,3,1,1,1,C0977;C1136;C1214
C1137,support,values_disclosure,euclidean,6,M002;M015;M022;M040;M050;M052,6,1,1,1,C0991;C1082;C1137;C1218;C1221;C1287
C1138,support,values_disclosure,euclidean,9,M003;M011;M012;M016;M022;M024;M038;M040;M052,5,1,1,1,C0993;C1093;C1138;C1184;C1290
C1141,support,values_disclosure,euclidean,10,M007;M009;M010;M028;M029;M030;M032;M033;M054;M075,5,1,1,1,C0643;C1141;C1262;C1289;C1377
C1143,support,values_disclosure,euclidean,4,M012;M015;M038;M040,9,1,1,3,C0045;C0086;C0087;C0103;C0990;C0995;C1143;C1264;C1316
C1144,support,values_disclosure,euclidean,5,M015;M040;M047;M050;M052,8,1,1,1,C1144;C1182;C1218;C1222;C1291;C1394;C1493;C1692
C1145,support,values_owned,euclidean,5,M003;M004;M015;M024;M052,4,1,1,1,C0707;C0708;C1145;C1333
C1146,support,values_owned,euclidean,7,M003;M005;M015;M040;M043;M044;M077,6,1,1,1,C0710;C0711;C0712;C1146;C1293;C1466
C1147,support,values_owned,euclidean,6,M003;M025;M047;M050;M051;M052,5,1,1,1,C0709;C0713;C1147;C1150;C1233
C1148,support,values_owned,euclidean,6,M004;M047;M049;M050;M052;M076,4,1,1,1,C0731;C1018;C1148;C1317
C1149,support,values_owned,euclidean,7,M015;M032;M034;M035;M036;M053;M077,7,1,1,1,C0770;C0771;C1101;C1149;C1355;C1495;C1537
C1150,support,values_owned,euclidean,6,M024;M025;M047;M050;M051;M052,7,1,1,1,C0709;C0713;C0718;C0726;C1147;C1150;C1233
C1151,support,values_wishes,euclidean,10,M002;M007;M043;M045;M053;M055;M071;M072;M073;M074,3,1,1,1,C1151;C1338;C1652
C1152,support,values_wishes,euclidean,7,M004;M024;M025;M052;M071;M073;M077,6,1,1,1,C0832;C0833;C0834;C1152;C1196;C1468
C1153,support,values_wishes,euclidean,8,M015;M030;M035;M037;M038;M043;M076;M077,5,1,1,1,C0839;C1029;C1153;C1197;C1453
C1154,support,values_wishes,euclidean,8,M024;M025;M036;M037;M051;M052;M073;M074,5,1,1,1,C0862;C1154;C1234;C1339;C1666
C1155,support,values_wishes,euclidean,4,M050;M071;M072;M076,3,1,1,1,C0899;C1155;C1340
C1156,support,freeflow_form,euclidean,10,M003;M012;M021;M032;M033;M041;M043;M071;M072;M081,4,1,1,1,C1156;C1277;C1366;C1489
C1157,support,freeflow_form,euclidean,9,M009;M012;M016;M032;M053;M056;M057;M081;M082,8,1,1,1,C1157;C1455;C1469;C1470;C1472;C1541;C1567;C1578
C1158,support,freeflow_form,euclidean,5,M010;M035;M045;M050;M051,8,1,1,2,C0001;C0002;C0003;C0910;C1042;C1043;C1158;C1200
C1159,support,freeflow_form,euclidean,5,M010;M035;M050;M051;M083,12,1,1,2,C0001;C0002;C0003;C0074;C0113;C0120;C0910;C1040;C1041;C1043;C1159;C1200
C1160,support,freeflow_form,euclidean,5,M010;M038;M044;M050;M051,4,1,1,1,C1160;C1241;C1342;C1501
C1161,support,freeflow_form,euclidean,4,M021;M037;M039;M052,8,1,1,2,C0920;C1161;C1242;C1457;C1526;C1603;C1619;C1656
C1162,support,freeflow_form,euclidean,6,M035;M045;M050;M058;M060;M083,6,1,1,1,C0909;C1052;C1053;C1162;C1303;C1403
C1163,support,freeflow_form,euclidean,6,M036;M037;M039;M050;M052;M083,5,1,1,1,C0136;C1049;C1118;C1163;C1304
C1164,support,freeflow_form,euclidean,4,M076;M077;M078;M080,3,1,1,1,C0141;C1164;C1503
C1165,support,posture,euclidean,4,M004;M012;M024;M052,3,1,1,1,C0930;C1165;C1527
C1166,support,posture,euclidean,4,M005;M030;M032;M055,3,1,1,1,C1056;C1166;C1686
C1167,support,posture,euclidean,5,M021;M034;M036;M037;M038,4,1,1,1,C0293;C0929;C1064;C1167
C1168,support,posture,euclidean,8,M028;M029;M032;M033;M055;M075;M079;M080,8,1,1,1,C0336;C1062;C1121;C1122;C1168;C1281;C1326;C1404
C1169,support,posture,euclidean,3,M054;M055;M080,2,1,1,1,C0359;C1169
C1173,support,v1_markers,euclidean,4,M003;M024;M072;M073,3,1,1,1,C1068;C1173;C1311
C1174,support,v1_markers,euclidean,6,M004;M011;M013;M052;M059;M076,4,1,1,1,C0418;C1067;C1174;C1329
C1175,support,v1_markers,euclidean,10,M004;M045;M047;M052;M056;M057;M058;M059;M060;M083,5,1,1,1,C0554;C1175;C1176;C1250;C1252
C1176,support,v1_markers,euclidean,9,M004;M047;M052;M056;M057;M058;M059;M060;M083,7,1,1,1,C1175;C1176;C1215;C1250;C1252;C1479;C1571
C1177,support,v1_markers,euclidean,4,M011;M013;M024;M076,3,1,1,1,C0970;C1177;C1422
C1178,support,v1_markers,euclidean,7,M022;M031;M035;M036;M038;M039;M049,7,1,1,1,C0529;C0973;C0976;C1074;C1134;C1178;C1313
C1179,support,v1_markers,euclidean,5,M030;M031;M032;M033;M034,6,1,1,1,C0450;C0975;C1179;C1392;C1459;C1491
C1180,support,v1_markers,euclidean,3,M045;M058;M059,5,1,1,3,C0068;C0078;C0082;C0561;C1180
C1181,support,v1_markers,euclidean,3,M058;M081;M082,2,1,1,1,C0983;C1181
C1182,support,values_disclosure,euclidean,7,M002;M015;M040;M047;M049;M050;M052,7,1,1,1,C0594;C1084;C1085;C1144;C1182;C1218;C1256
C1183,support,values_disclosure,euclidean,3,M002;M079;M080,2,1,1,1,C0602;C1183
C1184,support,values_disclosure,euclidean,10,M003;M011;M012;M016;M022;M024;M038;M040;M052;M075,4,1,1,1,C1093;C1138;C1184;C1290
C1185,support,values_disclosure,euclidean,5,M003;M021;M027;M035;M036,5,1,1,1,C0630;C1000;C1087;C1185;C1424
C1188,support,values_owned,euclidean,5,M002;M045;M046;M076;M077,5,1,1,1,C0696;C1099;C1188;C1271;C1378
C1189,support,values_owned,euclidean,3,M002;M076;M077,2,1,1,1,C1015;C1189
C1190,support,values_owned,euclidean,7,M003;M011;M013;M022;M024;M025;M052,10,1,1,1,C0701;C1016;C1190;C1226;C1227;C1228;C1265;C1266;C1413;C1509
C1191,support,values_owned,euclidean,6,M004;M025;M044;M047;M049;M052,4,1,1,1,C0721;C1017;C1191;C1267
C1192,support,values_owned,euclidean,4,M004;M072;M073;M075,3,1,1,1,C0740;C1192;C1607
C1193,support,values_owned,euclidean,4,M005;M007;M072;M080,3,1,1,1,C0752;C1193;C1661
C1196,support,values_wishes,euclidean,6,M004;M024;M025;M052;M071;M077,4,1,1,1,C0833;C1152;C1196;C1468
C1197,support,values_wishes,euclidean,7,M030;M035;M037;M038;M043;M076;M077,6,1,1,1,C0839;C1029;C1153;C1197;C1453;C1631
C1198,support,values_wishes,euclidean,4,M041;M043;M044;M080,3,1,1,1,C0872;C1198;C1655
C1199,support,freeflow_form,euclidean,6,M010;M035;M045;M049;M051;M059,6,1,1,1,C0115;C0119;C1042;C1044;C1199;C1278
C1200,support,freeflow_form,euclidean,4,M010;M035;M050;M051,7,1,1,2,C0074;C1045;C1158;C1159;C1200;C1474;C1522
C1201,support,freeflow_form,euclidean,6,M021;M033;M036;M037;M039;M083,5,1,1,1,C1049;C1050;C1051;C1201;C1203
C1202,support,freeflow_form,euclidean,5,M021;M033;M037;M043;M052,7,1,1,1,C0134;C1112;C1114;C1202;C1279;C1324;C1368
C1203,support,freeflow_form,euclidean,5,M021;M036;M037;M039;M083,5,1,1,1,C1051;C1201;C1203;C1370;C1385
C1204,support,posture,euclidean,4,M011;M012;M036;M038,3,1,1,1,C0928;C1204;C1436
C1205,support,posture,euclidean,6,M012;M013;M021;M024;M046;M076,4,1,1,1,C0226;C0227;C1205;C1475
C1206,support,posture,euclidean,8,M013;M016;M024;M047;M050;M071;M074;M076,5,1,1,1,C1059;C1119;C1206;C1325;C1388
C1207,support,posture,euclidean,5,M024;M071;M072;M074;M076,5,1,1,1,C1061;C1120;C1207;C1371;C1528
C1208,support,posture,euclidean,5,M028;M032;M033;M055;M080,5,1,1,1,C0337;C1122;C1208;C1326;C1327
C1209,support,posture,euclidean,9,M029;M032;M033;M055;M071;M072;M073;M074;M075,4,1,1,1,C1124;C1209;C1305;C1390
C1212,support,v1_markers,euclidean,5,M003;M033;M072;M073;M075,6,1,1,1,C0966;C1130;C1212;C1283;C1348;C1405
C1213,support,v1_markers,euclidean,3,M021;M034;M053,2,1,1,1,C0528;C1213
C1214,support,v1_markers,euclidean,3,M041;M046;M054,2,1,1,1,C1136;C1214
C1215,support,v1_markers,euclidean,8,M047;M052;M056;M057;M058;M059;M082;M083,9,1,1,1,C0553;C0554;C0555;C0556;C1176;C1215;C1250;C1251;C1331
C1216,support,v1_markers,euclidean,3,M056;M058;M059,7,1,1,3,C0068;C0078;C0082;C0561;C0566;C1079;C1216
C1217,support,values_cross_surface,euclidean,9,M002;M029;M030;M032;M033;M037;M038;M039;M041,4,1,1,1,C0985;C0986;C1217;C1461
C1218,support,values_disclosure,euclidean,6,M002;M015;M040;M047;M050;M052,8,1,1,1,C1085;C1137;C1144;C1182;C1218;C1222;C1287;C1692
C1219,support,values_disclosure,euclidean,4,M002;M015;M040;M052,3,1,1,1,C0591;C1083;C1219
C1220,support,values_disclosure,euclidean,5,M011;M012;M015;M022;M038,4,1,1,1,C1007;C1092;C1220;C1315
C1221,support,values_disclosure,euclidean,5,M015;M022;M040;M050;M052,5,1,1,1,C1008;C1082;C1137;C1221;C1394
C1222,support,values_disclosure,euclidean,6,M015;M040;M047;M050;M052;M053,7,1,1,1,C1144;C1218;C1222;C1291;C1395;C1441;C1692
C1223,support,values_disclosure,euclidean,3,M043;M057;M058,2,1,1,1,C0671;C1223
C1224,support,values_disclosure,euclidean,5,M044;M059;M060;M082;M083,4,1,1,1,C0676;C1012;C1224;C1484
C1225,support,values_owned,euclidean,4,M002;M027;M074;M079,3,1,1,1,C1014;C1225;C1397
C1226,support,values_owned,euclidean,7,M003;M004;M011;M013;M022;M024;M025,9,1,1,1,C0701;C1016;C1190;C1226;C1227;C1229;C1265;C1266;C1509
C1227,support,values_owned,euclidean,9,M003;M004;M011;M013;M022;M024;M025;M052;M078,7,1,1,1,C0701;C1016;C1190;C1226;C1227;C1265;C1266
C1228,support,values_owned,euclidean,6,M003;M013;M022;M024;M025;M052,4,1,1,1,C1190;C1228;C1266;C1413
C1230,support,values_owned,euclidean,3,M004;M074;M076,2,1,1,1,C0737;C1230
C1231,support,values_owned,euclidean,4,M005;M007;M074;M079,3,1,1,1,C1100;C1231;C1638
C1232,support,values_owned,euclidean,3,M015;M053;M077,2,1,1,1,C1022;C1232
C1233,support,values_owned,euclidean,5,M025;M047;M050;M051;M052,6,1,1,1,C0713;C0726;C1147;C1150;C1233;C1272
C1234,support,values_wishes,euclidean,9,M024;M025;M036;M037;M051;M052;M073;M074;M076,4,1,1,1,C0862;C1154;C1234;C1339
C1235,support,values_wishes,euclidean,10,M030;M035;M037;M038;M043;M049;M050;M051;M074;M078,4,1,1,1,C1235;C1322;C1488;C1510
C1236,support,values_wishes,euclidean,3,M044;M072;M073,2,1,1,1,C0886;C1236
C1237,support,values_wishes,euclidean,5,M047;M049;M051;M052;M082,4,1,1,1,C1033;C1106;C1237;C1365
C1238,support,freeflow_form,euclidean,6,M010;M035;M038;M050;M051;M059,8,1,1,1,C0120;C0905;C1039;C1040;C1044;C1045;C1238;C1342
C1239,support,freeflow_form,euclidean,4,M010;M035;M051;M059,5,1,1,1,C1045;C1239;C1278;C1522;C1523
C1240,support,freeflow_form,euclidean,5,M010;M038;M039;M050;M052,4,1,1,1,C1047;C1111;C1240;C1420
C1241,support,freeflow_form,euclidean,7,M010;M038;M044;M050;M051;M052;M059,6,1,1,1,C0109;C0905;C1038;C1160;C1241;C1342
C1242,support,freeflow_form,euclidean,5,M021;M037;M038;M039;M052,4,1,1,1,C0137;C0919;C1161;C1242
C1243,support,posture,euclidean,4,M011;M022;M036;M038,3,1,1,1,C0934;C1243;C1511
C1244,support,posture,euclidean,5,M043;M044;M077;M078;M082,4,1,1,1,C0946;C1125;C1244;C1328
C1245,support,posture,euclidean,3,M071;M072;M074,8,1,1,3,C0018;C0019;C0066;C0067;C0081;C0953;C1245;C1371
C1246,support,v1_markers,euclidean,5,M022;M024;M035;M039;M049,4,1,1,1,C1075;C1132;C1246;C1350
C1247,support,v1_markers,euclidean,3,M022;M024;M073,2,1,1,1,C1133;C1247
C1248,support,v1_markers,euclidean,3,M022;M039;M049,2,1,1,1,C1248;C1350
C1249,support,v1_markers,euclidean,9,M030;M031;M032;M033;M034;M037;M038;M053;M072,4,1,1,1,C1078;C1249;C1330;C1491
C1250,support,v1_markers,euclidean,8,M047;M052;M056;M057;M058;M059;M060;M083,12,1,1,1,C0554;C1175;C1176;C1215;C1250;C1251;C1252;C1479;C1558;C1571;C1636;C1753
C1251,support,v1_markers,euclidean,6,M047;M052;M056;M057;M058;M083,7,1,1,1,C1215;C1250;C1251;C1331;C1479;C1532;C1558
C1252,support,v1_markers,euclidean,7,M052;M056;M057;M058;M059;M060;M083,8,1,1,1,C0981;C1175;C1176;C1250;C1252;C1571;C1636;C1807
C1253,support,v1_markers,euclidean,3,M056;M058;M083,2,1,1,1,C0566;C1253
C1254,support,values_disclosure,euclidean,10,M002;M011;M015;M016;M022;M024;M052;M053;M054;M075,4,1,1,1,C1254;C1534;C1581;C1690
C1255,support,values_disclosure,euclidean,5,M002;M011;M015;M022;M052,4,1,1,1,C0988;C0989;C1255;C1263
C1256,support,values_disclosure,euclidean,10,M002;M015;M040;M046;M047;M049;M050;M052;M053;M054,5,1,1,1,C1182;C1256;C1291;C1395;C1482
C1257,support,values_disclosure,euclidean,5,M003;M012;M013;M021;M037,4,1,1,1,C0610;C0611;C1257;C1288
C1258,support,values_disclosure,euclidean,5,M003;M021;M035;M036;M037,5,1,1,1,C1000;C1004;C1258;C1259;C1332
C1259,support,values_disclosure,euclidean,4,M003;M021;M036;M037,5,1,1,2,C0100;C1140;C1258;C1259;C1260
C1260,support,values_disclosure,euclidean,3,M003;M021;M037,9,1,1,3,C0071;C0072;C0083;C0093;C0100;C1088;C1259;C1260;C1288
C1261,support,values_disclosure,euclidean,7,M005;M009;M010;M011;M030;M054;M055,7,1,1,1,C0634;C0651;C1005;C1186;C1261;C1533;C1797
C1262,support,values_disclosure,euclidean,9,M007;M009;M010;M028;M029;M032;M033;M054;M075,4,1,1,1,C1141;C1262;C1289;C1377
C1263,support,values_disclosure,euclidean,4,M011;M015;M022;M052,4,1,1,1,C1255;C1263;C1463;C1507
C1264,support,values_disclosure,euclidean,3,M012;M038;M040,7,1,1,3,C0045;C0086;C0087;C0103;C0998;C1143;C1264
C1265,support,values_owned,euclidean,10,M003;M004;M011;M013;M022;M024;M025;M050;M052;M078,6,1,1,1,C1016;C1190;C1226;C1227;C1265;C1266
C1266,support,values_owned,euclidean,8,M003;M004;M011;M013;M022;M024;M025;M052,9,1,1,1,C0701;C1016;C1190;C1226;C1227;C1228;C1229;C1265;C1266
C1267,support,values_owned,euclidean,5,M004;M025;M047;M049;M052,5,1,1,1,C1017;C1018;C1191;C1267;C1379
C1268,support,values_owned,euclidean,4,M015;M034;M036;M044,3,1,1,1,C0778;C1268;C1629
C1269,support,values_owned,euclidean,10,M015;M043;M044;M052;M058;M059;M078;M081;M082;M083,4,1,1,1,C1269;C1516;C1585;C1777
C1270,support,values_owned,euclidean,8,M027;M028;M041;M046;M073;M074;M079;M080,5,1,1,1,C0802;C0803;C1270;C1335;C1608
C1271,support,values_owned,euclidean,4,M045;M046;M076;M077,5,1,1,1,C1024;C1188;C1271;C1294;C1649
C1274,support,values_wishes,euclidean,9,M024;M034;M047;M051;M052;M056;M057;M081;M082,4,1,1,1,C1274;C1429;C1431;C1499
C1275,support,values_wishes,euclidean,8,M030;M035;M037;M050;M053;M072;M076;M077,5,1,1,1,C0840;C1030;C1275;C1276;C1364
C1276,support,values_wishes,euclidean,7,M030;M035;M037;M050;M053;M076;M077,6,1,1,1,C0840;C1030;C1275;C1276;C1364;C1667
C1277,support,freeflow_form,euclidean,9,M003;M012;M021;M032;M033;M043;M071;M072;M081,4,1,1,1,C1156;C1277;C1366;C1489
C1278,support,freeflow_form,euclidean,5,M010;M035;M049;M051;M059,6,1,1,1,C1042;C1044;C1199;C1239;C1278;C1551
C1279,support,freeflow_form,euclidean,7,M021;M032;M033;M036;M037;M043;M052,11,1,1,1,C0105;C0129;C0130;C0134;C1048;C1110;C1112;C1113;C1114;C1202;C1279
C1281,support,posture,euclidean,8,M028;M029;M032;M033;M055;M072;M075;M080,8,1,1,1,C0336;C1062;C1121;C1168;C1281;C1326;C1346;C1404
C1282,support,v1_markers,euclidean,5,M003;M004;M027;M041;M053,4,1,1,1,C0419;C0959;C1069;C1282
C1283,support,v1_markers,euclidean,6,M003;M024;M033;M072;M073;M075,5,1,1,1,C1129;C1130;C1212;C1283;C1348
C1284,support,v1_markers,euclidean,5,M012;M024;M071;M072;M073,6,1,1,1,C1071;C1072;C1073;C1131;C1284;C1349
C1285,support,v1_markers,euclidean,4,M031;M033;M072;M073,4,1,1,1,C0538;C1285;C1351;C1505
C1287,support,values_disclosure,euclidean,8,M002;M015;M022;M040;M047;M050;M051;M052,7,1,1,1,C1137;C1218;C1287;C1394;C1506;C1692;C1716
C1288,support,values_disclosure,euclidean,4,M003;M013;M021;M037,5,1,1,2,C0100;C1257;C1260;C1288;C1798
C1289,support,values_disclosure,euclidean,8,M007;M009;M028;M029;M032;M033;M054;M075,5,1,1,1,C1141;C1262;C1289;C1377;C1703
C1290,support,values_disclosure,euclidean,7,M011;M012;M016;M022;M024;M040;M052,6,1,1,1,C1093;C1138;C1184;C1290;C1408;C1462
C1291,support,values_disclosure,euclidean,7,M015;M040;M047;M050;M052;M053;M054,8,1,1,1,C1144;C1222;C1256;C1291;C1395;C1441;C1482;C1596
C1292,support,values_disclosure,euclidean,3,M044;M045;M081,2,1,1,1,C1009;C1292
C1293,support,values_owned,euclidean,6,M003;M005;M015;M040;M044;M077,4,1,1,1,C0712;C1146;C1293;C1466
C1294,support,values_owned,euclidean,3,M045;M076;M077,2,1,1,1,C1271;C1294
C1296,support,values_wishes,euclidean,9,M003;M030;M045;M052;M071;M072;M073;M075;M079,3,1,1,1,C1028;C1296;C1486
C1297,support,values_wishes,euclidean,4,M004;M043;M044;M072,3,1,1,1,C0835;C1297;C1452
C1298,support,values_wishes,euclidean,8,M030;M035;M037;M038;M043;M044;M050;M051,6,1,1,1,C0867;C1031;C1298;C1322;C1430;C1498
C1299,support,values_wishes,euclidean,4,M043;M049;M052;M071,3,1,1,1,C1035;C1299;C1432
C1300,support,values_wishes,euclidean,4,M047;M051;M071;M074,3,1,1,1,C0895;C1300;C1632
C1301,support,values_wishes,euclidean,3,M047;M071;M073,2,1,1,1,C1036;C1301
C1302,support,values_wishes,euclidean,4,M049;M052;M073;M074,3,1,1,1,C0897;C1302;C1563
C1303,support,freeflow_form,euclidean,6,M035;M045;M051;M058;M060;M083,6,1,1,1,C0909;C1052;C1053;C1162;C1303;C1403
C1304,support,freeflow_form,euclidean,5,M036;M037;M039;M050;M083,4,1,1,1,C1118;C1163;C1304;C1370
C1305,support,posture,euclidean,8,M029;M032;M033;M055;M071;M072;M073;M075,5,1,1,1,C1124;C1209;C1305;C1390;C1579
C1306,support,posture,euclidean,3,M045;M049;M081,2,1,1,1,C0950;C1306
C1307,support,v1_markers,euclidean,4,M003;M004;M052;M053,3,1,1,1,C0420;C1307;C1647
C1308,support,v1_markers,euclidean,4,M004;M052;M056;M059,3,1,1,1,C0463;C1308;C1393
C1309,support,v1_markers,euclidean,5,M012;M013;M071;M072;M073,5,1,1,1,C1071;C1072;C1131;C1309;C1530
C1310,support,v1_markers,euclidean,10,M013;M015;M022;M024;M025;M029;M038;M049;M073;M076,4,1,1,1,C1310;C1391;C1544;C1780
C1311,support,v1_markers,euclidean,3,M024;M072;M073,2,1,1,1,C1173;C1311
C1312,support,v1_markers,euclidean,8,M025;M031;M033;M035;M036;M038;M039;M049,7,1,1,1,C0973;C0976;C1074;C1134;C1312;C1376;C1635
C1313,support,v1_markers,euclidean,5,M035;M036;M038;M039;M049,5,1,1,1,C0976;C1134;C1178;C1313;C1460
C1314,support,values_disclosure,euclidean,3,M003;M021;M027,8,1,1,2,C0071;C0072;C0083;C0093;C1088;C1089;C1139;C1314
C1315,support,values_disclosure,euclidean,4,M011;M012;M015;M022,4,1,1,1,C1220;C1315;C1440;C1507
C1316,support,values_disclosure,euclidean,3,M015;M038;M040,5,1,1,2,C0045;C0086;C0087;C1143;C1316
C1317,support,values_owned,euclidean,5,M004;M047;M049;M050;M052,4,1,1,1,C1018;C1148;C1317;C1318
C1319,support,values_owned,euclidean,3,M054;M073;M079,2,1,1,1,C0807;C1319
C1321,support,values_wishes,euclidean,3,M002;M043;M071,2,1,1,1,C0826;C1321
C1322,support,values_wishes,euclidean,9,M030;M035;M037;M038;M043;M049;M050;M051;M078,5,1,1,1,C1235;C1298;C1322;C1488;C1510
C1323,support,freeflow_form,euclidean,6,M016;M053;M056;M057;M081;M082,12,1,1,2,C0075;C0088;C0096;C0099;C1323;C1367;C1383;C1401;C1434;C1456;C1472;C1541
C1324,support,freeflow_form,euclidean,4,M021;M033;M037;M052,8,1,1,2,C1202;C1324;C1435;C1457;C1526;C1603;C1619;C1656
C1325,support,posture,euclidean,7,M013;M016;M024;M047;M071;M074;M076,6,1,1,1,C1059;C1119;C1206;C1325;C1388;C1570
C1326,support,posture,euclidean,7,M028;M029;M032;M033;M055;M075;M080,10,1,1,1,C0336;C1062;C1121;C1168;C1208;C1281;C1326;C1346;C1404;C1529
C1327,support,posture,euclidean,4,M028;M033;M055;M080,3,1,1,1,C1208;C1327;C1633
C1328,support,posture,euclidean,4,M043;M044;M077;M082,4,1,1,1,C1210;C1244;C1328;C1476
C1329,support,v1_markers,euclidean,5,M004;M013;M052;M059;M076,4,1,1,1,C1067;C1174;C1329;C1477
C1330,support,v1_markers,euclidean,8,M030;M031;M032;M033;M034;M037;M038;M072,5,1,1,1,C1078;C1249;C1330;C1459;C1491
C1332,support,values_disclosure,euclidean,4,M021;M035;M036;M037,3,1,1,1,C1258;C1332;C1799
C1334,support,values_owned,euclidean,4,M015;M034;M035;M036,9,1,1,3,C1334;C1336;C1355;C1356;C1357;C1381;C1399;C1400;C1415
C1335,support,values_owned,euclidean,7,M027;M028;M041;M046;M074;M079;M080,5,1,1,1,C0802;C0803;C1270;C1335;C1608
C1336,support,values_owned,euclidean,3,M034;M035;M036,9,1,1,3,C1334;C1336;C1356;C1357;C1381;C1399;C1400;C1415;C1444
C1338,support,values_wishes,euclidean,9,M002;M007;M043;M045;M053;M055;M071;M072;M073,3,1,1,1,C1151;C1338;C1652
C1339,support,values_wishes,euclidean,7,M024;M025;M036;M037;M051;M052;M073,6,1,1,1,C0862;C1154;C1234;C1339;C1497;C1666
C1340,support,values_wishes,euclidean,3,M050;M072;M076,2,1,1,1,C1155;C1340
C1341,support_watch,freeflow_form,euclidean,5,M002;M016;M056;M057;M082,5,1,1,1,C1341;C1343;C1383;C1521;C1732
C1342,support_watch,freeflow_form,euclidean,6,M010;M038;M044;M050;M051;M059,5,1,1,1,C0905;C1160;C1238;C1241;C1342
C1343,support_watch,freeflow_form,euclidean,4,M016;M056;M057;M082,8,1,1,2,C0075;C0088;C0096;C0099;C1341;C1343;C1401;C1591
C1345,support_watch,posture,euclidean,3,M004;M022;M025,2,1,1,1,C0923;C1345
C1346,support_watch,posture,euclidean,7,M028;M029;M032;M033;M055;M072;M075,9,1,1,1,C0336;C1062;C1121;C1281;C1326;C1346;C1404;C1529;C1543
C1347,support_watch,posture,euclidean,7,M028;M041;M055;M072;M073;M074;M080,6,1,1,1,C1063;C1123;C1347;C1437;C1687;C1750
C1348,support_watch,v1_markers,euclidean,6,M003;M033;M072;M073;M074;M075,5,1,1,1,C1212;C1283;C1348;C1405;C1625
C1349,support_watch,v1_markers,euclidean,4,M012;M024;M071;M073,3,1,1,1,C1284;C1349;C1701
C1350,support_watch,v1_markers,euclidean,4,M022;M035;M039;M049,3,1,1,1,C1246;C1248;C1350
C1351,support_watch,v1_markers,euclidean,3,M033;M072;M073,3,1,1,1,C0966;C1285;C1351
C1353,support_watch,values_disclosure,euclidean,3,M009;M010;M054,2,1,1,1,C1142;C1353
C1354,support_watch,values_disclosure,euclidean,9,M045;M047;M049;M050;M059;M078;M081;M082;M083,7,1,1,1,C1354;C1411;C1426;C1508;C1582;C1670;C1671
C1355,support_watch,values_owned,euclidean,5,M015;M034;M035;M036;M077,6,1,1,1,C0775;C0776;C0777;C1149;C1334;C1355
C1356,watchlist,values_owned,euclidean,3,M034;M035;M036,9,1,1,3,C1334;C1336;C1356;C1357;C1381;C1399;C1400;C1415;C1444
C1357,watchlist,values_owned,euclidean,3,M034;M035;M036,9,1,1,3,C1334;C1336;C1356;C1357;C1381;C1399;C1400;C1415;C1444
C1362,support_watch,values_wishes,euclidean,4,M002;M044;M055;M071,3,1,1,1,C1027;C1362;C1694
C1363,support_watch,values_wishes,euclidean,5,M024;M025;M049;M052;M073,4,1,1,1,C0864;C1104;C1363;C1417
C1364,support_watch,values_wishes,euclidean,6,M030;M035;M037;M050;M053;M076,4,1,1,1,C1275;C1276;C1364;C1667
C1365,support_watch,values_wishes,euclidean,4,M047;M049;M052;M082,3,1,1,1,C1237;C1365;C1564
C1366,support_watch,freeflow_form,euclidean,7,M003;M012;M021;M032;M033;M043;M081,8,1,1,1,C1156;C1277;C1366;C1384;C1419;C1489;C1602;C1618
C1367,support_watch,freeflow_form,euclidean,6,M011;M016;M053;M056;M057;M082,12,1,1,2,C0075;C0088;C0096;C0099;C1323;C1367;C1383;C1401;C1434;C1456;C1521;C1684
C1368,support_watch,freeflow_form,euclidean,4,M021;M033;M037;M043,5,1,1,1,C1113;C1202;C1368;C1435;C1473
C1369,support_watch,freeflow_form,euclidean,4,M035;M045;M058;M083,4,1,1,1,C1369;C1403;C1645;C1740
C1370,support_watch,freeflow_form,euclidean,4,M036;M037;M039;M083,4,1,1,1,C1203;C1304;C1370;C1644
C1371,support_watch,posture,euclidean,4,M071;M072;M074;M076,4,1,1,1,C1170;C1207;C1245;C1371
C1372,support_watch,posture,euclidean,3,M072;M073;M074,7,1,1,3,C0018;C0019;C0066;C0067;C0081;C0953;C1372
C1373,support_watch,v1_markers,euclidean,10,M011;M013;M015;M022;M024;M025;M049;M050;M051;M076,4,1,1,1,C1373;C1406;C1556;C1592
C1374,support_watch,v1_markers,euclidean,10,M015;M022;M024;M025;M029;M035;M036;M038;M049;M072,4,1,1,1,C1374;C1557;C1605;C1752
C1375,support_watch,v1_markers,euclidean,3,M021;M022;M024,2,1,1,1,C0523;C1375
C1376,support_watch,v1_markers,euclidean,9,M025;M029;M031;M033;M035;M036;M038;M039;M049,5,1,1,1,C0976;C1074;C1312;C1376;C1635
C1377,support_watch,values_disclosure,euclidean,7,M007;M009;M029;M032;M033;M054;M075,6,1,1,1,C1141;C1262;C1289;C1377;C1703;C1744
C1378,support_watch,values_owned,euclidean,4,M002;M045;M046;M076,3,1,1,1,C1188;C1378;C1649
C1379,support_watch,values_owned,euclidean,4,M004;M025;M047;M049,3,1,1,1,C1267;C1379;C1726
C1380,support_watch,values_owned,euclidean,10,M015;M025;M047;M052;M053;M058;M059;M060;M082;M083,7,1,1,1,C1102;C1380;C1445;C1446;C1467;C1514;C1650
C1381,watchlist,values_owned,euclidean,3,M034;M035;M036,9,1,1,3,C1334;C1336;C1356;C1357;C1381;C1399;C1400;C1415;C1444
C1383,support_watch,freeflow_form,euclidean,6,M002;M016;M053;M056;M057;M082,13,1,1,2,C0075;C0088;C0096;C0099;C1323;C1341;C1367;C1383;C1401;C1434;C1456;C1521;C1684
C1384,support_watch,freeflow_form,euclidean,7,M003;M012;M021;M032;M033;M037;M043,7,1,1,1,C1107;C1108;C1109;C1366;C1384;C1419;C1618
C1385,support_watch,freeflow_form,euclidean,4,M021;M036;M037;M039,4,1,1,1,C0920;C1203;C1385;C1644
C1386,support_watch,freeflow_form,euclidean,4,M039;M050;M058;M083,3,1,1,1,C1117;C1386;C1569
C1387,support_watch,posture,euclidean,3,M012;M016;M024,2,1,1,1,C1058;C1387
C1388,support_watch,posture,euclidean,6,M013;M016;M024;M071;M074;M076,4,1,1,1,C1206;C1325;C1388;C1570
C1390,support_watch,posture,euclidean,7,M029;M033;M055;M071;M072;M073;M075,6,1,1,1,C1124;C1209;C1305;C1390;C1543;C1579
C1391,support_watch,v1_markers,euclidean,9,M013;M015;M022;M024;M025;M029;M038;M049;M073,4,1,1,1,C1310;C1391;C1544;C1780
C1392,support_watch,v1_markers,euclidean,4,M030;M032;M033;M034,4,1,1,1,C1179;C1392;C1624;C1659
C1393,support_watch,v1_markers,euclidean,3,M052;M056;M059,2,1,1,1,C1308;C1393
C1394,support_watch,values_disclosure,euclidean,7,M015;M022;M040;M047;M050;M051;M052,8,1,1,1,C1144;C1221;C1287;C1394;C1506;C1692;C1716;C1808
C1395,support_watch,values_disclosure,euclidean,8,M015;M040;M047;M049;M050;M052;M053;M054,5,1,1,1,C1222;C1256;C1291;C1395;C1482
C1396,support_watch,values_disclosure,euclidean,4,M059;M060;M081;M082,3,1,1,1,C1095;C1396;C1660
C1397,support_watch,values_owned,euclidean,3,M002;M027;M074,2,1,1,1,C1225;C1397
C1398,support_watch,values_owned,euclidean,5,M005;M009;M010;M072;M080,5,1,1,1,C0757;C1019;C1020;C1398;C1790
C1399,watchlist,values_owned,euclidean,3,M034;M035;M036,9,1,1,3,C1334;C1336;C1356;C1357;C1381;C1399;C1400;C1415;C1444
C1400,watchlist,values_owned,euclidean,3,M034;M035;M036,9,1,1,3,C1334;C1336;C1356;C1357;C1381;C1399;C1400;C1415;C1444
C1401,support_watch,freeflow_form,euclidean,5,M016;M053;M056;M057;M082,13,1,1,2,C0075;C0088;C0096;C0099;C1323;C1343;C1367;C1383;C1401;C1456;C1490;C1521;C1541
C1402,watchlist,freeflow_form,euclidean,3,M016;M053;M057,6,1,1,2,C1402;C1490;C1502;C1524;C1525;C1553
C1403,support_watch,freeflow_form,euclidean,5,M035;M045;M058;M060;M083,6,1,1,1,C1053;C1162;C1303;C1369;C1403;C1542
C1404,support_watch,posture,euclidean,6,M028;M029;M032;M033;M055;M075,6,1,1,1,C1168;C1281;C1326;C1346;C1404;C1529
C1405,support_watch,v1_markers,euclidean,7,M003;M032;M033;M072;M073;M074;M075,6,1,1,1,C1212;C1348;C1405;C1421;C1625;C1634
C1406,support_watch,v1_markers,euclidean,8,M013;M015;M022;M024;M025;M049;M050;M051,4,1,1,1,C1373;C1406;C1556;C1592
C1407,watchlist,v1_markers,euclidean,3,M035;M036;M038,4,1,1,2,C1407;C1460;C1480;C1481
C1408,support_watch,values_disclosure,euclidean,6,M011;M012;M016;M022;M024;M052,5,1,1,1,C1093;C1290;C1408;C1462;C1725
C1409,support_watch,values_disclosure,euclidean,9,M015;M022;M033;M047;M050;M052;M053;M054;M075,4,1,1,1,C1409;C1546;C1595;C1704
C1410,support_watch,values_disclosure,euclidean,8,M021;M034;M035;M036;M037;M038;M040;M046,5,1,1,1,C1086;C1352;C1410;C1573;C1769
C1411,support_watch,values_disclosure,euclidean,10,M045;M047;M049;M050;M059;M060;M078;M081;M082;M083,6,1,1,1,C0681;C1354;C1411;C1426;C1508;C1670
C1413,support_watch,values_owned,euclidean,5,M003;M013;M022;M024;M052,4,1,1,1,C1190;C1228;C1413;C1583
C1414,support_watch,values_owned,euclidean,9,M022;M024;M043;M044;M056;M057;M078;M081;M082,8,1,1,1,C1414;C1428;C1536;C1584;C1628;C1662;C1746;C1776
C1415,watchlist,values_owned,euclidean,3,M034;M035;M036,9,1,1,3,C1334;C1336;C1356;C1357;C1381;C1399;C1400;C1415;C1444
C1418,support_watch,values_wishes,euclidean,4,M043;M049;M073;M078,3,1,1,1,C1105;C1418;C1784
C1419,support_watch,freeflow_form,euclidean,6,M003;M012;M021;M032;M033;M043,7,1,1,1,C1109;C1366;C1384;C1419;C1489;C1602;C1618
C1420,support_watch,freeflow_form,euclidean,4,M038;M039;M050;M052,3,1,1,1,C1240;C1420;C1568
C1421,support_watch,v1_markers,euclidean,10,M003;M030;M031;M032;M033;M072;M073;M074;M075;M079,3,1,1,1,C1405;C1421;C1634
C1423,support_watch,values_disclosure,euclidean,6,M002;M004;M076;M077;M079;M080,6,1,1,1,C0581;C0582;C0600;C0601;C1423;C1715
C1424,support_watch,values_disclosure,euclidean,4,M003;M027;M035;M036,3,1,1,1,C1185;C1424;C1809
C1425,support_watch,values_disclosure,euclidean,10,M015;M034;M038;M040;M046;M047;M049;M050;M052;M078,3,1,1,1,C1425;C1691;C1802
C1426,support_watch,values_disclosure,euclidean,8,M045;M047;M049;M050;M059;M078;M082;M083,8,1,1,1,C1354;C1411;C1426;C1508;C1582;C1626;C1670;C1671
C1428,support_watch,values_owned,euclidean,10,M015;M022;M024;M043;M044;M056;M057;M078;M081;M082,7,1,1,1,C1414;C1428;C1536;C1584;C1628;C1662;C1776
C1429,support_watch,values_wishes,euclidean,10,M024;M034;M036;M047;M051;M052;M056;M057;M081;M082,4,1,1,1,C1274;C1429;C1431;C1499
C1430,support_watch,values_wishes,euclidean,7,M030;M035;M037;M038;M044;M050;M051,8,1,1,1,C0867;C1031;C1298;C1430;C1498;C1510;C1539;C1589
C1431,support_watch,values_wishes,euclidean,7,M034;M047;M051;M052;M056;M081;M082,6,1,1,1,C1274;C1429;C1431;C1499;C1520;C1617
C1432,support_watch,values_wishes,euclidean,3,M049;M052;M071,2,1,1,1,C1299;C1432
C1433,support_watch,values_wishes,euclidean,3,M053;M071;M073,2,1,1,1,C1037;C1433
C1434,support_watch,freeflow_form,euclidean,8,M002;M011;M016;M053;M056;M057;M081;M082,11,1,1,1,C1323;C1367;C1383;C1434;C1470;C1521;C1540;C1565;C1566;C1684;C1773
C1435,support_watch,freeflow_form,euclidean,3,M021;M033;M037,3,1,1,1,C1324;C1368;C1435
C1436,support_watch,posture,euclidean,3,M011;M012;M038,2,1,1,1,C1204;C1436
C1437,support_watch,posture,euclidean,8,M028;M033;M041;M055;M072;M073;M074;M080,5,1,1,1,C1063;C1123;C1347;C1437;C1750
C1438,support_watch,v1_markers,euclidean,3,M025;M050;M051,1,1,1,1,C1438
C1439,support_watch,values_disclosure,euclidean,10,M002;M015;M022;M025;M050;M052;M077;M079;M080;M083,2,1,1,1,C1439;C1768
C1440,support_watch,values_disclosure,euclidean,3,M011;M012;M022,2,1,1,1,C1315;C1440
C1441,support_watch,values_disclosure,euclidean,5,M015;M047;M050;M052;M053,5,1,1,1,C1222;C1291;C1441;C1493;C1627
C1442,support_watch,values_disclosure,euclidean,4,M049;M059;M082;M083,8,1,1,3,C1412;C1427;C1442;C1464;C1465;C1483;C1485;C1494
C1443,support_watch,values_owned,euclidean,10,M005;M007;M032;M034;M035;M036;M041;M053;M054;M055,5,1,1,1,C1443;C1560;C1597;C1598;C1648
C1444,support_watch,values_owned,euclidean,4,M032;M034;M035;M036,10,1,1,3,C1336;C1356;C1357;C1381;C1399;C1400;C1415;C1444;C1537;C1693
C1445,support_watch,values_owned,euclidean,9,M044;M047;M052;M053;M058;M059;M060;M082;M083,9,1,1,1,C1102;C1380;C1445;C1446;C1467;C1514;C1515;C1650;C1727
C1446,support_watch,values_owned,euclidean,8,M047;M052;M053;M058;M059;M060;M082;M083,9,1,1,1,C1102;C1380;C1445;C1446;C1447;C1448;C1467;C1514;C1650
C1452,support_watch,values_wishes,euclidean,3,M004;M044;M072,2,1,1,1,C1297;C1452
C1453,support_watch,values_wishes,euclidean,6,M030;M035;M037;M038;M076;M077,4,1,1,1,C1153;C1197;C1453;C1631
C1454,support_watch,freeflow_form,euclidean,9,M003;M004;M010;M035;M038;M039;M049;M050;M051,3,1,1,1,C1454;C1471;C1749
C1455,support_watch,freeflow_form,euclidean,10,M009;M012;M016;M032;M040;M053;M056;M057;M081;M082,9,1,1,1,C1157;C1455;C1469;C1470;C1472;C1541;C1567;C1578;C1801
C1456,support_watch,freeflow_form,euclidean,6,M009;M016;M053;M056;M057;M082,11,1,1,2,C0075;C0088;C0096;C0099;C1323;C1367;C1383;C1401;C1456;C1472;C1541
C1457,watchlist,freeflow_form,euclidean,3,M021;M037;M052,7,1,1,2,C1161;C1324;C1457;C1526;C1603;C1619;C1656
C1459,support_watch,v1_markers,euclidean,6,M030;M031;M032;M033;M034;M037,5,1,1,1,C0975;C1179;C1330;C1459;C1491
C1460,support_watch,v1_markers,euclidean,4,M035;M036;M038;M049,6,1,1,2,C1313;C1407;C1460;C1480;C1481;C1606
C1461,support_watch,values_cross_surface,euclidean,7,M002;M029;M030;M032;M033;M037;M038,5,1,1,1,C0985;C0986;C1217;C1461;C1702
C1462,support_watch,values_disclosure,euclidean,5,M011;M016;M022;M024;M052,6,1,1,1,C1290;C1408;C1462;C1594;C1690;C1725
C1463,support_watch,values_disclosure,euclidean,3,M015;M022;M052,3,1,1,1,C1008;C1263;C1463
C1466,support_watch,values_owned,euclidean,5,M003;M005;M015;M040;M044,3,1,1,1,C1146;C1293;C1466
C1467,support_watch,values_owned,euclidean,10,M025;M044;M047;M052;M053;M058;M059;M060;M082;M083,7,1,1,1,C1102;C1380;C1445;C1446;C1467;C1514;C1650
C1468,support_watch,values_wishes,euclidean,5,M004;M024;M025;M052;M071,4,1,1,1,C1152;C1196;C1468;C1561
C1469,support_watch,freeflow_form,euclidean,10,M002;M009;M012;M016;M032;M053;M056;M057;M081;M082,8,1,1,1,C1157;C1455;C1469;C1470;C1472;C1540;C1541;C1567
C1470,support_watch,freeflow_form,euclidean,9,M002;M009;M012;M016;M053;M056;M057;M081;M082,10,1,1,1,C1157;C1434;C1455;C1469;C1470;C1472;C1540;C1541;C1565;C1566
C1471,support_watch,freeflow_form,euclidean,10,M003;M004;M010;M035;M038;M039;M049;M050;M051;M083,4,1,1,1,C0113;C1454;C1471;C1749
C1472,support_watch,freeflow_form,euclidean,8,M009;M012;M016;M053;M056;M057;M081;M082,10,1,1,1,C1157;C1323;C1455;C1456;C1469;C1470;C1472;C1540;C1541;C1567
C1473,support_watch,freeflow_form,euclidean,3,M021;M033;M043,2,1,1,1,C1368;C1473
C1474,support_watch,freeflow_form,euclidean,3,M035;M050;M051,2,1,1,1,C1200;C1474
C1475,support_watch,posture,euclidean,5,M012;M013;M021;M024;M076,3,1,1,1,C0227;C1205;C1475
C1476,support_watch,posture,euclidean,3,M043;M044;M082,2,1,1,1,C1328;C1476
C1477,support_watch,v1_markers,euclidean,4,M004;M013;M059;M076,3,1,1,1,C1329;C1477;C1478
C1478,support_watch,v1_markers,euclidean,3,M004;M013;M076,2,1,1,1,C1477;C1478
C1479,support_watch,v1_markers,euclidean,8,M030;M047;M052;M056;M057;M058;M060;M083,8,1,1,1,C1176;C1250;C1251;C1479;C1558;C1571;C1753;C1765
C1480,watchlist,v1_markers,euclidean,3,M035;M036;M038,4,1,1,2,C1407;C1460;C1480;C1481
C1481,support_watch,v1_markers,euclidean,3,M035;M036;M038,4,1,1,2,C1407;C1460;C1480;C1481
C1482,support_watch,values_disclosure,euclidean,9,M015;M040;M046;M047;M049;M050;M052;M053;M054,4,1,1,1,C1256;C1291;C1395;C1482
C1483,support_watch,values_disclosure,euclidean,5,M049;M059;M060;M082;M083,5,1,1,1,C0681;C1096;C1442;C1483;C1484
C1486,support_watch,values_wishes,euclidean,8,M003;M030;M045;M052;M072;M073;M075;M079,3,1,1,1,C1028;C1296;C1486
C1487,support_watch,values_wishes,euclidean,10,M027;M031;M034;M043;M047;M056;M057;M079;M081;M082,6,1,1,1,C1487;C1549;C1668;C1695;C1720;C1739
C1488,support_watch,values_wishes,euclidean,8,M030;M035;M037;M038;M049;M050;M051;M078,5,1,1,1,C1235;C1322;C1488;C1498;C1510
C1489,support_watch,freeflow_form,euclidean,8,M003;M012;M021;M032;M033;M043;M071;M081,6,1,1,1,C1156;C1277;C1366;C1419;C1489;C1602
C1490,support_watch,freeflow_form,euclidean,4,M016;M053;M057;M082,11,1,1,3,C0075;C0088;C0096;C0099;C1401;C1402;C1490;C1502;C1524;C1525;C1553
C1491,support_watch,v1_markers,euclidean,7,M030;M031;M032;M033;M034;M037;M038,6,1,1,1,C1078;C1179;C1249;C1330;C1459;C1491
C1492,support_watch,values_cross_surface,euclidean,7,M036;M045;M046;M047;M049;M082;M083,5,1,1,1,C0987;C1080;C1081;C1492;C1637
C1495,support_watch,values_owned,euclidean,6,M015;M032;M034;M035;M036;M053,4,1,1,1,C1101;C1149;C1495;C1537
C1496,support_watch,values_wishes,euclidean,10,M005;M027;M031;M034;M047;M051;M056;M057;M081;M082,9,1,1,1,C1496;C1549;C1562;C1609;C1664;C1668;C1695;C1720;C1739
C1497,support_watch,values_wishes,euclidean,5,M024;M025;M036;M051;M052,3,1,1,1,C1339;C1497;C1666
C1498,support_watch,values_wishes,euclidean,6,M030;M035;M037;M038;M050;M051,7,1,1,1,C1298;C1430;C1488;C1498;C1510;C1539;C1589
C1499,support_watch,values_wishes,euclidean,8,M034;M047;M051;M052;M056;M057;M081;M082,5,1,1,1,C1274;C1429;C1431;C1499;C1520
C1500,support_watch,freeflow_form,euclidean,10,M003;M009;M012;M016;M032;M033;M043;M053;M057;M081,3,1,1,1,C1500;C1550;C1733
C1501,support_watch,freeflow_form,euclidean,4,M010;M038;M044;M051,2,1,1,1,C1160;C1501
C1502,watchlist,freeflow_form,euclidean,3,M016;M053;M057,6,1,1,2,C1402;C1490;C1502;C1524;C1525;C1553
C1504,support_watch,posture,euclidean,3,M011;M047;M053,2,1,1,1,C0936;C1504
C1505,support_watch,v1_markers,euclidean,3,M031;M033;M072,2,1,1,1,C1285;C1505
C1506,support_watch,values_disclosure,euclidean,10,M002;M015;M022;M039;M040;M047;M050;M051;M052;M080,4,1,1,1,C1287;C1394;C1506;C1716
C1507,support_watch,values_disclosure,euclidean,3,M011;M015;M022,3,1,1,1,C1263;C1315;C1507
C1508,support_watch,values_disclosure,euclidean,7,M045;M049;M050;M059;M078;M082;M083,8,1,1,1,C1354;C1411;C1426;C1508;C1582;C1626;C1670;C1717
C1510,support_watch,values_wishes,euclidean,7,M030;M035;M037;M038;M049;M050;M051,8,1,1,1,C1235;C1322;C1430;C1488;C1498;C1510;C1539;C1589
C1511,support_watch,posture,euclidean,3,M011;M022;M038,2,1,1,1,C1243;C1511
C1512,support_watch,values_owned,euclidean,3,M003;M004;M024,2,1,1,1,C1333;C1512
C1514,support_watch,values_owned,euclidean,9,M025;M047;M052;M053;M058;M059;M060;M082;M083,7,1,1,1,C1102;C1380;C1445;C1446;C1467;C1514;C1650
C1515,support_watch,values_owned,euclidean,10,M043;M044;M052;M053;M058;M059;M060;M078;M082;M083,7,1,1,1,C1445;C1515;C1516;C1585;C1650;C1707;C1727
C1516,support_watch,values_owned,euclidean,9,M043;M044;M052;M058;M059;M060;M078;M082;M083,7,1,1,1,C1269;C1515;C1516;C1585;C1707;C1727;C1777
C1517,support_watch,values_owned,euclidean,3,M050;M051;M052,2,1,1,1,C1272;C1517
C1518,support_watch,values_wishes,euclidean,7,M005;M027;M031;M039;M056;M057;M081,12,1,1,1,C1518;C1586;C1587;C1612;C1640;C1641;C1664;C1674;C1675;C1756;C1812;C1813
C1519,support_watch,values_wishes,euclidean,10,M015;M041;M043;M044;M046;M052;M059;M060;M071;M083,1,1,1,1,C1519
C1520,support_watch,values_wishes,euclidean,6,M034;M047;M051;M056;M081;M082,4,1,1,1,C1431;C1499;C1520;C1617
C1521,support_watch,freeflow_form,euclidean,7,M002;M011;M016;M053;M056;M057;M082,16,1,1,2,C0075;C0088;C0096;C0099;C1341;C1367;C1383;C1401;C1434;C1521;C1540;C1565;C1566;C1684;C1773;C1815
C1522,support_watch,freeflow_form,euclidean,3,M010;M035;M051,3,1,1,1,C1200;C1239;C1522
C1523,support_watch,freeflow_form,euclidean,3,M010;M051;M059,2,1,1,1,C1239;C1523
C1524,watchlist,freeflow_form,euclidean,3,M016;M053;M057,6,1,1,2,C1402;C1490;C1502;C1524;C1525;C1553
C1525,support_watch,freeflow_form,euclidean,3,M016;M053;M057,6,1,1,2,C1402;C1490;C1502;C1524;C1525;C1553
C1526,watchlist,freeflow_form,euclidean,3,M021;M037;M052,7,1,1,2,C1161;C1324;C1457;C1526;C1603;C1619;C1656
C1528,support_watch,posture,euclidean,4,M024;M071;M074;M076,4,1,1,1,C1207;C1528;C1570;C1723
C1529,support_watch,posture,euclidean,5,M028;M029;M033;M055;M075,6,1,1,1,C1326;C1346;C1404;C1529;C1580;C1741
C1530,support_watch,v1_markers,euclidean,4,M012;M013;M071;M073,3,1,1,1,C1309;C1530;C1701
C1531,support_watch,v1_markers,euclidean,10,M024;M029;M031;M033;M035;M036;M037;M038;M072;M073,3,1,1,1,C1531;C1623;C1724
C1532,support_watch,v1_markers,euclidean,5,M047;M056;M057;M058;M083,6,1,1,1,C1251;C1331;C1532;C1558;C1765;C1767
C1533,support_watch,values_disclosure,euclidean,6,M009;M010;M011;M030;M054;M055,4,1,1,1,C1186;C1261;C1533;C1797
C1534,support_watch,values_disclosure,euclidean,9,M011;M015;M016;M022;M024;M052;M053;M054;M075,4,1,1,1,C1254;C1534;C1581;C1690
C1535,support_watch,values_owned,euclidean,5,M005;M009;M010;M073;M080,5,1,1,1,C0757;C1019;C1020;C1535;C1790
C1536,support_watch,values_owned,euclidean,8,M022;M024;M044;M056;M057;M078;M081;M082,10,1,1,1,C1414;C1428;C1536;C1547;C1584;C1628;C1662;C1663;C1746;C1776
C1537,support_watch,values_owned,euclidean,5,M032;M034;M035;M036;M053,4,1,1,1,C1149;C1444;C1495;C1537
C1538,watchlist,values_wishes,euclidean,3,M013;M016;M022,9,1,1,3,C1538;C1614;C1615;C1616;C1630;C1653;C1676;C1791;C1795
C1539,support_watch,values_wishes,euclidean,5,M030;M035;M037;M038;M050,9,1,1,2,C1430;C1498;C1510;C1539;C1577;C1696;C1710;C1721;C1778
C1540,support_watch,freeflow_form,euclidean,9,M002;M009;M011;M016;M053;M056;M057;M081;M082,12,1,1,1,C1434;C1469;C1470;C1472;C1521;C1540;C1541;C1565;C1566;C1684;C1773;C1815
C1541,support_watch,freeflow_form,euclidean,7,M009;M016;M053;M056;M057;M081;M082,16,1,1,2,C0075;C0088;C0096;C0099;C1157;C1323;C1401;C1455;C1456;C1469;C1470;C1472;C1540;C1541;C1565;C1566
C1542,support_watch,freeflow_form,euclidean,4,M035;M045;M058;M060,4,1,1,1,C1403;C1542;C1622;C1740
C1543,support_watch,posture,euclidean,5,M029;M033;M055;M072;M075,5,1,1,1,C1346;C1390;C1543;C1579;C1580
C1544,support_watch,v1_markers,euclidean,8,M013;M015;M024;M025;M029;M038;M049;M073,5,1,1,1,C1310;C1391;C1544;C1689;C1780
C1545,support_watch,v1_markers,euclidean,3,M047;M056;M058,2,1,1,1,C1545;C1767
C1546,support_watch,values_disclosure,euclidean,8,M015;M033;M047;M050;M052;M053;M054;M075,5,1,1,1,C1409;C1546;C1595;C1704;C1735
C1547,support_watch,values_owned,euclidean,6,M022;M056;M057;M078;M081;M082,8,1,1,1,C1451;C1513;C1536;C1547;C1584;C1628;C1706;C1746
C1549,support_watch,values_wishes,euclidean,9,M027;M031;M034;M047;M056;M057;M079;M081;M082,9,1,1,1,C1487;C1496;C1549;C1562;C1609;C1668;C1695;C1720;C1739
C1550,support_watch,freeflow_form,euclidean,9,M003;M009;M012;M016;M032;M033;M043;M057;M081,3,1,1,1,C1500;C1550;C1733
C1551,support_watch,freeflow_form,euclidean,4,M010;M035;M049;M059,3,1,1,1,C1278;C1551;C1806
C1552,support_watch,freeflow_form,euclidean,4,M012;M032;M033;M043,2,1,1,1,C1552;C1618
C1553,watchlist,freeflow_form,euclidean,3,M016;M053;M057,6,1,1,2,C1402;C1490;C1502;C1524;C1525;C1553
C1554,watchlist,freeflow_form,euclidean,3,M022;M024;M029,10,1,1,3,C1554;C1590;C1620;C1621;C1643;C1657;C1679;C1685;C1699;C1713
C1555,support_watch,freeflow_form,euclidean,3,M074;M077;M081,2,1,1,1,C1280;C1555
C1556,support_watch,v1_markers,euclidean,9,M013;M015;M022;M024;M025;M049;M050;M051;M076,5,1,1,1,C1373;C1406;C1556;C1592;C1786
C1557,support_watch,v1_markers,euclidean,9,M015;M024;M025;M029;M035;M036;M038;M049;M072,4,1,1,1,C1374;C1557;C1605;C1752
C1558,support_watch,v1_markers,euclidean,6,M047;M056;M057;M058;M060;M083,6,1,1,1,C1250;C1251;C1479;C1532;C1558;C1765
C1559,support_watch,values_owned,euclidean,10,M002;M015;M030;M037;M038;M044;M045;M051;M053;M077,1,1,1,1,C1559
C1560,support_watch,values_owned,euclidean,9,M005;M007;M032;M034;M035;M036;M053;M054;M055,4,1,1,1,C1443;C1560;C1597;C1598
C1562,support_watch,values_wishes,euclidean,10,M005;M027;M031;M034;M047;M049;M056;M057;M081;M082,9,1,1,1,C1496;C1549;C1562;C1609;C1664;C1668;C1695;C1720;C1739
C1563,support_watch,values_wishes,euclidean,3,M049;M052;M073,2,1,1,1,C1302;C1563
C1564,support_watch,values_wishes,euclidean,3,M049;M052;M082,2,1,1,1,C1365;C1564
C1565,support_watch,freeflow_form,euclidean,10,M002;M009;M011;M016;M047;M053;M056;M057;M081;M082,8,1,1,1,C1434;C1470;C1521;C1540;C1541;C1565;C1566;C1773
C1566,support_watch,freeflow_form,euclidean,10,M002;M009;M011;M016;M053;M056;M057;M079;M081;M082,8,1,1,1,C1434;C1470;C1521;C1540;C1541;C1565;C1566;C1773
C1567,support_watch,freeflow_form,euclidean,9,M009;M012;M016;M032;M040;M053;M057;M081;M082,7,1,1,1,C1157;C1455;C1469;C1472;C1567;C1578;C1801
C1568,support_watch,freeflow_form,euclidean,3,M038;M039;M050,2,1,1,1,C1420;C1568
C1569,support_watch,freeflow_form,euclidean,3,M050;M058;M083,2,1,1,1,C1386;C1569
C1570,support_watch,posture,euclidean,5,M013;M024;M071;M074;M076,4,1,1,1,C1325;C1388;C1528;C1570
C1571,support_watch,v1_markers,euclidean,10,M030;M032;M047;M052;M056;M057;M058;M059;M060;M083,7,1,1,1,C1176;C1250;C1252;C1479;C1571;C1753;C1765
C1572,support_watch,values_disclosure,euclidean,6,M009;M029;M033;M053;M054;M075,4,1,1,1,C1572;C1703;C1744;C1787
C1573,support_watch,values_disclosure,euclidean,7,M034;M035;M036;M037;M038;M040;M046,5,1,1,1,C1086;C1352;C1410;C1573;C1769
C1574,support_watch,values_owned,euclidean,10,M003;M012;M013;M016;M017;M019;M022;M024;M050;M052,2,1,1,1,C1574;C1789
C1575,support_watch,values_wishes,euclidean,10,M003;M004;M009;M010;M024;M040;M055;M071;M072;M073,1,1,1,1,C1575
C1576,support_watch,values_wishes,euclidean,5,M012;M013;M016;M021;M022,3,1,1,1,C1576;C1738;C1783
C1578,support_watch,freeflow_form,euclidean,8,M009;M012;M016;M032;M040;M053;M057;M082,5,1,1,1,C1157;C1455;C1567;C1578;C1801
C1579,support_watch,posture,euclidean,6,M029;M033;M055;M072;M073;M075,4,1,1,1,C1305;C1390;C1543;C1579
C1580,support_watch,posture,euclidean,4,M029;M033;M055;M075,6,1,1,2,C1529;C1543;C1580;C1646;C1658;C1742
C1581,support_watch,values_disclosure,euclidean,8,M011;M016;M022;M024;M052;M053;M054;M075,5,1,1,1,C1254;C1534;C1581;C1690;C1725
C1582,support_watch,values_disclosure,euclidean,10,M015;M045;M046;M047;M049;M050;M059;M078;M082;M083,7,1,1,1,C1354;C1426;C1508;C1582;C1670;C1671;C1755
C1583,support_watch,values_owned,euclidean,4,M013;M022;M024;M052,3,1,1,1,C1413;C1583;C1599
C1584,support_watch,values_owned,euclidean,8,M022;M024;M043;M056;M057;M078;M081;M082,10,1,1,1,C1414;C1428;C1536;C1547;C1584;C1628;C1662;C1663;C1746;C1776
C1585,support_watch,values_owned,euclidean,9,M043;M044;M052;M058;M059;M078;M081;M082;M083,6,1,1,1,C1269;C1515;C1516;C1585;C1727;C1777
C1586,support_watch,values_wishes,euclidean,10,M005;M027;M031;M039;M043;M055;M056;M057;M078;M081,7,1,1,1,C1518;C1586;C1587;C1640;C1683;C1756;C1813
C1587,support_watch,values_wishes,euclidean,9,M005;M027;M031;M039;M055;M056;M057;M078;M081,8,1,1,1,C1518;C1586;C1587;C1640;C1683;C1756;C1812;C1813
C1589,support_watch,values_wishes,euclidean,5,M030;M035;M037;M038;M051,8,1,1,2,C1430;C1498;C1510;C1577;C1589;C1696;C1710;C1778
C1590,watchlist,freeflow_form,euclidean,3,M022;M024;M029,10,1,1,3,C1554;C1590;C1620;C1621;C1643;C1657;C1679;C1685;C1699;C1713
C1591,support_watch,freeflow_form,euclidean,3,M056;M057;M082,3,1,1,1,C1343;C1591;C1732
C1592,support_watch,v1_markers,euclidean,7,M013;M015;M022;M024;M025;M050;M051,5,1,1,1,C1373;C1406;C1556;C1592;C1734
C1593,support_watch,v1_markers,euclidean,3,M027;M041;M053,2,1,1,1,C1069;C1593
C1595,support_watch,values_disclosure,euclidean,10,M015;M022;M029;M033;M047;M050;M052;M053;M054;M075,4,1,1,1,C1409;C1546;C1595;C1704
C1596,support_watch,values_disclosure,euclidean,5,M047;M050;M052;M053;M054,5,1,1,1,C1291;C1596;C1627;C1704;C1735
C1597,support_watch,values_owned,euclidean,8,M005;M007;M032;M035;M036;M053;M054;M055,5,1,1,1,C1443;C1560;C1597;C1598;C1770
C1598,support_watch,values_owned,euclidean,7,M005;M007;M032;M035;M036;M054;M055,7,1,1,1,C1443;C1560;C1597;C1598;C1648;C1736;C1770
C1602,support_watch,freeflow_form,euclidean,6,M003;M012;M032;M033;M043;M081,6,1,1,1,C1366;C1419;C1489;C1602;C1618;C1733
C1603,watchlist,freeflow_form,euclidean,3,M021;M037;M052,7,1,1,2,C1161;C1324;C1457;C1526;C1603;C1619;C1656
C1605,support_watch,v1_markers,euclidean,8,M015;M024;M025;M029;M035;M036;M038;M049,4,1,1,1,C1374;C1557;C1605;C1752
C1606,support_watch,v1_markers,euclidean,3,M035;M036;M049,2,1,1,1,C1460;C1606
C1607,support_watch,values_owned,euclidean,3,M004;M073;M075,2,1,1,1,C1192;C1607
C1608,support_watch,values_owned,euclidean,6,M027;M028;M041;M046;M074;M079,3,1,1,1,C1270;C1335;C1608
C1609,support_watch,values_wishes,euclidean,8,M005;M027;M031;M034;M047;M056;M057;M081,11,1,1,1,C1496;C1549;C1562;C1609;C1664;C1674;C1678;C1695;C1709;C1720;C1779
C1610,watchlist,values_wishes,euclidean,4,M005;M027;M031;M039,9,1,1,3,C1610;C1612;C1639;C1718;C1719;C1728;C1729;C1747;C1794
C1611,support_watch,values_wishes,euclidean,6,M005;M027;M031;M039;M055;M056,6,1,1,1,C1611;C1612;C1640;C1641;C1683;C1719
C1612,support_watch,values_wishes,euclidean,5,M005;M027;M031;M039;M056,12,1,1,3,C1518;C1610;C1611;C1612;C1639;C1641;C1718;C1728;C1729;C1747;C1756;C1794
C1613,support_watch,values_wishes,euclidean,6,M012;M013;M016;M022;M024;M025,6,1,1,1,C1613;C1677;C1708;C1758;C1783;C1805
C1614,watchlist,values_wishes,euclidean,3,M013;M016;M022,9,1,1,3,C1538;C1614;C1615;C1616;C1630;C1653;C1676;C1791;C1795
C1615,watchlist,values_wishes,euclidean,3,M013;M016;M022,9,1,1,3,C1538;C1614;C1615;C1616;C1630;C1653;C1676;C1791;C1795
C1616,watchlist,values_wishes,euclidean,3,M013;M016;M022,9,1,1,3,C1538;C1614;C1615;C1616;C1630;C1653;C1676;C1791;C1795
C1617,support_watch,values_wishes,euclidean,5,M034;M047;M051;M081;M082,4,1,1,1,C1431;C1520;C1617;C1711
C1618,support_watch,freeflow_form,euclidean,5,M003;M012;M032;M033;M043,6,1,1,1,C1366;C1384;C1419;C1552;C1602;C1618
C1619,watchlist,freeflow_form,euclidean,3,M021;M037;M052,7,1,1,2,C1161;C1324;C1457;C1526;C1603;C1619;C1656
C1620,watchlist,freeflow_form,euclidean,3,M022;M024;M029,10,1,1,3,C1554;C1590;C1620;C1621;C1643;C1657;C1679;C1685;C1699;C1713
C1621,support_watch,freeflow_form,euclidean,3,M022;M024;M029,10,1,1,3,C1554;C1590;C1620;C1621;C1643;C1657;C1679;C1685;C1699;C1713
C1622,support_watch,freeflow_form,euclidean,3,M045;M058;M060,2,1,1,1,C1542;C1622
C1623,support_watch,v1_markers,euclidean,9,M029;M031;M033;M035;M036;M037;M038;M072;M073,3,1,1,1,C1531;C1623;C1724
C1624,support_watch,v1_markers,euclidean,3,M030;M032;M033,2,1,1,1,C1392;C1624
C1625,support_watch,v1_markers,euclidean,5,M033;M072;M073;M074;M075,4,1,1,1,C1348;C1405;C1625;C1781
C1626,support_watch,values_disclosure,euclidean,6,M045;M049;M050;M059;M078;M082,5,1,1,1,C1426;C1508;C1626;C1717;C1810
C1628,support_watch,values_owned,euclidean,7,M022;M024;M056;M057;M078;M081;M082,14,1,1,1,C1414;C1428;C1451;C1513;C1536;C1547;C1584;C1628;C1662;C1663;C1706;C1737;C1746;C1776
C1629,support_watch,values_owned,euclidean,3,M034;M036;M044,2,1,1,1,C1268;C1629
C1630,support_watch,values_wishes,euclidean,3,M013;M016;M022,9,1,1,3,C1538;C1614;C1615;C1616;C1630;C1653;C1676;C1791;C1795
C1631,support_watch,values_wishes,euclidean,5,M030;M035;M037;M038;M076,7,1,1,2,C1197;C1453;C1577;C1631;C1696;C1710;C1778
C1632,support_watch,values_wishes,euclidean,3,M047;M051;M074,2,1,1,1,C1300;C1632
C1633,support_watch,posture,euclidean,3,M028;M033;M080,2,1,1,1,C1327;C1633
C1634,support_watch,v1_markers,euclidean,9,M003;M031;M032;M033;M072;M073;M074;M075;M079,3,1,1,1,C1405;C1421;C1634
C1635,support_watch,v1_markers,euclidean,10,M025;M029;M031;M033;M035;M036;M037;M038;M039;M049,4,1,1,1,C0976;C1312;C1376;C1635
C1636,support_watch,v1_markers,euclidean,6,M052;M056;M057;M059;M060;M083,4,1,1,1,C1250;C1252;C1636;C1807
C1637,support_watch,values_cross_surface,euclidean,6,M045;M046;M047;M049;M082;M083,3,1,1,1,C1081;C1492;C1637
C1638,support_watch,values_owned,euclidean,3,M005;M007;M074,2,1,1,1,C1231;C1638
C1639,watchlist,values_wishes,euclidean,4,M005;M027;M031;M039,9,1,1,3,C1610;C1612;C1639;C1718;C1719;C1728;C1729;C1747;C1794
C1640,support_watch,values_wishes,euclidean,8,M005;M027;M031;M039;M055;M056;M057;M081,10,1,1,1,C1518;C1586;C1587;C1611;C1640;C1641;C1674;C1683;C1812;C1813
C1641,support_watch,values_wishes,euclidean,6,M005;M027;M031;M039;M056;M081,9,1,1,1,C1518;C1611;C1612;C1640;C1641;C1674;C1675;C1683;C1756
C1643,watchlist,freeflow_form,euclidean,3,M022;M024;M029,10,1,1,3,C1554;C1590;C1620;C1621;C1643;C1657;C1679;C1685;C1699;C1713
C1644,support_watch,freeflow_form,euclidean,3,M036;M037;M039,3,1,1,1,C1370;C1385;C1644
C1645,support_watch,freeflow_form,euclidean,3,M045;M058;M083,2,1,1,1,C1369;C1645
C1647,support_watch,v1_markers,euclidean,3,M004;M052;M053,2,1,1,1,C1307;C1647
C1648,support_watch,values_owned,euclidean,7,M007;M032;M035;M036;M041;M054;M055,5,1,1,1,C1443;C1598;C1648;C1736;C1770
C1649,support_watch,values_owned,euclidean,3,M045;M046;M076,3,1,1,1,C1271;C1378;C1649
C1651,support_watch,values_owned,euclidean,5,M058;M059;M078;M082;M083,8,1,1,3,C0094;C0102;C1295;C1361;C1382;C1651;C1681;C1707
C1652,support_watch,values_wishes,euclidean,8,M002;M007;M043;M045;M053;M055;M071;M072,3,1,1,1,C1151;C1338;C1652
C1653,watchlist,values_wishes,euclidean,3,M013;M016;M022,9,1,1,3,C1538;C1614;C1615;C1616;C1630;C1653;C1676;C1791;C1795
C1655,support_watch,values_wishes,euclidean,3,M041;M043;M044,2,1,1,1,C1198;C1655
C1656,support_watch,freeflow_form,euclidean,3,M021;M037;M052,7,1,1,2,C1161;C1324;C1457;C1526;C1603;C1619;C1656
C1657,watchlist,freeflow_form,euclidean,3,M022;M024;M029,10,1,1,3,C1554;C1590;C1620;C1621;C1643;C1657;C1679;C1685;C1699;C1713
C1659,support_watch,v1_markers,euclidean,3,M030;M032;M034,2,1,1,1,C1392;C1659
C1660,support_watch,values_disclosure,euclidean,3,M059;M060;M082,3,1,1,1,C1396;C1484;C1660
C1661,support_watch,values_owned,euclidean,3,M005;M007;M080,2,1,1,1,C1193;C1661
C1662,support_watch,values_owned,euclidean,10,M011;M022;M024;M043;M044;M056;M057;M078;M081;M082,10,1,1,1,C1414;C1428;C1536;C1584;C1628;C1662;C1663;C1706;C1746;C1776
C1663,support_watch,values_owned,euclidean,9,M011;M022;M024;M050;M056;M057;M078;M081;M082,9,1,1,1,C1536;C1584;C1628;C1662;C1663;C1706;C1737;C1746;C1776
C1664,support_watch,values_wishes,euclidean,7,M005;M027;M031;M034;M056;M057;M081,11,1,1,1,C1496;C1518;C1562;C1609;C1664;C1674;C1675;C1678;C1695;C1772;C1812
C1665,support_watch,values_wishes,euclidean,10,M011;M012;M013;M016;M021;M022;M024;M025;M036;M050,6,1,1,1,C1665;C1708;C1757;C1783;C1805;C1814
C1666,support_watch,values_wishes,euclidean,6,M024;M025;M036;M037;M051;M052,4,1,1,1,C1154;C1339;C1497;C1666
C1667,support_watch,values_wishes,euclidean,5,M030;M035;M037;M050;M053,4,1,1,1,C1276;C1364;C1667;C1721
C1668,support_watch,values_wishes,euclidean,7,M031;M034;M047;M056;M057;M081;M082,10,1,1,1,C1487;C1496;C1549;C1562;C1668;C1695;C1720;C1739;C1761;C1779
C1670,support_watch,values_disclosure,euclidean,9,M045;M046;M047;M049;M050;M059;M078;M082;M083,8,1,1,1,C1354;C1411;C1426;C1508;C1582;C1670;C1671;C1755
C1671,support_watch,values_disclosure,euclidean,8,M046;M047;M049;M050;M059;M078;M082;M083,7,1,1,1,C1354;C1426;C1582;C1670;C1671;C1755;C1810
C1672,support_watch,values_owned,euclidean,3,M047;M050;M051,2,1,1,1,C1272;C1672
C1673,support_watch,values_wishes,euclidean,10,M002;M004;M005;M027;M031;M039;M040;M055;M056;M081,2,1,1,1,C1673;C1813
C1674,support_watch,values_wishes,euclidean,6,M005;M027;M031;M056;M057;M081,8,1,1,1,C1518;C1609;C1640;C1641;C1664;C1674;C1675;C1678
C1675,support_watch,values_wishes,euclidean,5,M005;M027;M031;M056;M081,6,1,1,1,C1518;C1641;C1664;C1674;C1675;C1756
C1676,watchlist,values_wishes,euclidean,3,M013;M016;M022,9,1,1,3,C1538;C1614;C1615;C1616;C1630;C1653;C1676;C1791;C1795
C1677,support_watch,values_wishes,euclidean,5,M013;M016;M022;M024;M025,6,1,1,1,C1613;C1677;C1758;C1783;C1791;C1805
C1678,support_watch,values_wishes,euclidean,6,M027;M031;M034;M056;M057;M081,8,1,1,1,C1609;C1664;C1674;C1678;C1709;C1720;C1772;C1779
C1679,watchlist,freeflow_form,euclidean,3,M022;M024;M029,10,1,1,3,C1554;C1590;C1620;C1621;C1643;C1657;C1679;C1685;C1699;C1713
C1681,support_watch,values_owned,euclidean,6,M052;M058;M059;M078;M082;M083,6,1,1,1,C1447;C1651;C1681;C1707;C1727;C1777
C1682,support_watch,values_wishes,euclidean,10,M002;M005;M009;M010;M027;M040;M044;M055;M072;M073,1,1,1,1,C1682
C1683,support_watch,values_wishes,euclidean,8,M005;M027;M031;M039;M055;M056;M078;M081,8,1,1,1,C1586;C1587;C1611;C1640;C1641;C1683;C1756;C1813
C1684,support_watch,freeflow_form,euclidean,8,M002;M011;M016;M040;M053;M056;M057;M082,8,1,1,1,C1367;C1383;C1434;C1521;C1540;C1684;C1773;C1815
C1685,watchlist,freeflow_form,euclidean,3,M022;M024;M029,10,1,1,3,C1554;C1590;C1620;C1621;C1643;C1657;C1679;C1685;C1699;C1713
C1686,support_watch,posture,euclidean,3,M030;M032;M055,2,1,1,1,C1166;C1686
C1687,support_watch,posture,euclidean,5,M041;M055;M072;M073;M074,3,1,1,1,C1347;C1687;C1750
C1688,support_watch,v1_markers,euclidean,10,M002;M003;M007;M009;M010;M011;M021;M054;M075;M079,2,1,1,1,C1688;C1714
C1689,support_watch,v1_markers,euclidean,6,M015;M024;M025;M029;M038;M073,3,1,1,1,C1544;C1689;C1780
C1690,support_watch,values_disclosure,euclidean,7,M011;M016;M022;M024;M052;M053;M075,6,1,1,1,C1254;C1462;C1534;C1581;C1690;C1725
C1691,support_watch,values_disclosure,euclidean,9,M015;M034;M038;M040;M046;M047;M049;M050;M078,3,1,1,1,C1425;C1691;C1802
C1692,support_watch,values_disclosure,euclidean,6,M015;M040;M047;M050;M051;M052,7,1,1,1,C1144;C1218;C1222;C1287;C1394;C1692;C1808
C1693,support_watch,values_owned,euclidean,3,M032;M035;M036,3,1,1,1,C1444;C1693;C1804
C1694,support_watch,values_wishes,euclidean,3,M002;M044;M055,2,1,1,1,C1362;C1694
C1695,support_watch,values_wishes,euclidean,9,M005;M027;M031;M034;M047;M056;M057;M081;M082,10,1,1,1,C1487;C1496;C1549;C1562;C1609;C1664;C1668;C1695;C1720;C1739
C1699,watchlist,freeflow_form,euclidean,3,M022;M024;M029,10,1,1,3,C1554;C1590;C1620;C1621;C1643;C1657;C1679;C1685;C1699;C1713
C1700,support_watch,posture,euclidean,5,M003;M004;M024;M047;M051,3,1,1,1,C0925;C1344;C1700
C1701,support_watch,v1_markers,euclidean,3,M012;M071;M073,3,1,1,1,C1349;C1530;C1701
C1702,support_watch,values_cross_surface,euclidean,6,M002;M029;M030;M032;M033;M037,3,1,1,1,C0985;C1461;C1702
C1703,support_watch,values_disclosure,euclidean,6,M007;M009;M029;M033;M054;M075,5,1,1,1,C1289;C1377;C1572;C1703;C1744
C1704,support_watch,values_disclosure,euclidean,7,M033;M047;M050;M052;M053;M054;M075,6,1,1,1,C1409;C1546;C1595;C1596;C1704;C1735
C1706,support_watch,values_owned,euclidean,7,M011;M022;M056;M057;M078;M081;M082,10,1,1,1,C1451;C1513;C1547;C1628;C1662;C1663;C1706;C1737;C1746;C1776
C1708,support_watch,values_wishes,euclidean,8,M011;M012;M013;M016;M021;M022;M024;M025,9,1,1,1,C1613;C1665;C1708;C1738;C1757;C1758;C1783;C1805;C1814
C1709,support_watch,values_wishes,euclidean,6,M027;M034;M047;M056;M057;M081,7,1,1,1,C1609;C1678;C1709;C1720;C1739;C1772;C1779
C1711,support_watch,values_wishes,euclidean,4,M034;M047;M081;M082,2,1,1,1,C1617;C1711
C1713,watchlist,freeflow_form,euclidean,3,M022;M024;M029,10,1,1,3,C1554;C1590;C1620;C1621;C1643;C1657;C1679;C1685;C1699;C1713
C1714,support_watch,v1_markers,euclidean,8,M003;M007;M009;M010;M011;M021;M054;M075,3,1,1,1,C1688;C1714;C1816
C1715,support_watch,values_disclosure,euclidean,5,M002;M004;M077;M079;M080,4,1,1,1,C0582;C0602;C1423;C1715
C1716,support_watch,values_disclosure,euclidean,9,M002;M015;M022;M039;M040;M047;M050;M051;M052,4,1,1,1,C1287;C1394;C1506;C1716
C1717,support_watch,values_disclosure,euclidean,5,M049;M050;M059;M078;M082,6,1,1,1,C1508;C1626;C1680;C1717;C1755;C1810
C1718,watchlist,values_wishes,euclidean,4,M005;M027;M031;M039,9,1,1,3,C1610;C1612;C1639;C1718;C1719;C1728;C1729;C1747;C1794
C1719,support_watch,values_wishes,euclidean,5,M005;M027;M031;M039;M055,9,1,1,3,C1610;C1611;C1639;C1718;C1719;C1728;C1729;C1747;C1794
C1720,support_watch,values_wishes,euclidean,8,M027;M031;M034;M047;M056;M057;M081;M082,12,1,1,1,C1487;C1496;C1549;C1562;C1609;C1668;C1678;C1695;C1709;C1720;C1739;C1779
C1721,support_watch,values_wishes,euclidean,4,M030;M035;M037;M050,4,1,1,1,C1539;C1667;C1721;C1748
C1723,support_watch,posture,euclidean,3,M024;M071;M076,2,1,1,1,C1528;C1723
C1724,support_watch,v1_markers,euclidean,8,M029;M031;M033;M035;M036;M037;M038;M072,3,1,1,1,C1531;C1623;C1724
C1725,support_watch,values_disclosure,euclidean,6,M011;M016;M022;M024;M052;M075,5,1,1,1,C1408;C1462;C1581;C1690;C1725
C1726,support_watch,values_owned,euclidean,3,M004;M047;M049,2,1,1,1,C1379;C1726
C1727,support_watch,values_owned,euclidean,8,M044;M052;M058;M059;M060;M078;M082;M083,9,1,1,1,C1445;C1447;C1515;C1516;C1585;C1681;C1707;C1727;C1777
C1728,watchlist,values_wishes,euclidean,4,M005;M027;M031;M039,9,1,1,3,C1610;C1612;C1639;C1718;C1719;C1728;C1729;C1747;C1794
C1729,support_watch,values_wishes,euclidean,4,M005;M027;M031;M039,9,1,1,3,C1610;C1612;C1639;C1718;C1719;C1728;C1729;C1747;C1794
C1732,support_watch,freeflow_form,euclidean,4,M002;M056;M057;M082,3,1,1,1,C1341;C1591;C1732
C1733,support_watch,freeflow_form,euclidean,8,M003;M009;M012;M016;M032;M033;M043;M081,4,1,1,1,C1500;C1550;C1602;C1733
C1734,support_watch,v1_markers,euclidean,5,M013;M024;M025;M050;M051,2,1,1,1,C1592;C1734
C1735,support_watch,values_disclosure,euclidean,6,M047;M050;M052;M053;M054;M075,4,1,1,1,C1546;C1596;C1704;C1735
C1736,support_watch,values_owned,euclidean,5,M007;M032;M035;M036;M055,5,1,1,1,C1598;C1648;C1736;C1770;C1804
C1737,support_watch,values_owned,euclidean,10,M011;M022;M024;M025;M050;M056;M057;M078;M081;M082,6,1,1,1,C1628;C1663;C1706;C1737;C1746;C1776
C1738,support_watch,values_wishes,euclidean,6,M011;M012;M013;M016;M021;M022,3,1,1,1,C1576;C1708;C1738
C1739,support_watch,values_wishes,euclidean,7,M027;M034;M047;M056;M057;M081;M082,10,1,1,1,C1487;C1496;C1549;C1562;C1668;C1695;C1709;C1720;C1739;C1772
C1740,support_watch,freeflow_form,euclidean,3,M035;M045;M058,3,1,1,1,C1369;C1542;C1740
C1741,support_watch,posture,euclidean,4,M028;M029;M033;M055,2,1,1,1,C1529;C1741
C1743,support_watch,values_disclosure,euclidean,10,M007;M009;M028;M029;M033;M039;M052;M053;M054;M075,1,1,1,1,C1743
C1744,support_watch,values_disclosure,euclidean,5,M009;M029;M033;M054;M075,5,1,1,1,C1377;C1572;C1703;C1744;C1788
C1746,support_watch,values_owned,euclidean,8,M011;M022;M024;M056;M057;M078;M081;M082,11,1,1,1,C1414;C1536;C1547;C1584;C1628;C1662;C1663;C1706;C1737;C1746;C1776
C1747,watchlist,values_wishes,euclidean,4,M005;M027;M031;M039,9,1,1,3,C1610;C1612;C1639;C1718;C1719;C1728;C1729;C1747;C1794
C1748,support_watch,values_wishes,euclidean,3,M030;M037;M050,2,1,1,1,C1721;C1748
C1749,support_watch,freeflow_form,euclidean,8,M003;M004;M010;M038;M039;M049;M050;M051,3,1,1,1,C1454;C1471;C1749
C1750,support_watch,posture,euclidean,6,M028;M041;M055;M072;M073;M074,4,1,1,1,C1347;C1437;C1687;C1750
C1752,support_watch,v1_markers,euclidean,7,M015;M024;M025;M029;M036;M038;M049,5,1,1,1,C1374;C1557;C1605;C1752;C1780
C1753,support_watch,v1_markers,euclidean,9,M030;M032;M047;M052;M056;M057;M058;M060;M083,5,1,1,1,C1250;C1479;C1571;C1753;C1765
C1754,support_watch,v1_markers,euclidean,8,M032;M033;M036;M037;M038;M072;M074;M075,1,1,1,1,C1754
C1755,support_watch,values_disclosure,euclidean,7,M046;M047;M049;M050;M059;M078;M082,6,1,1,1,C1582;C1670;C1671;C1717;C1755;C1810
C1756,support_watch,values_wishes,euclidean,7,M005;M027;M031;M039;M056;M078;M081,8,1,1,1,C1518;C1586;C1587;C1612;C1641;C1675;C1683;C1756
C1757,support_watch,values_wishes,euclidean,9,M011;M012;M013;M016;M021;M022;M024;M025;M050,6,1,1,1,C1665;C1708;C1757;C1783;C1805;C1814
C1760,support_watch,values_wishes,euclidean,10,M029;M030;M032;M035;M037;M038;M041;M050;M053;M054,2,1,1,1,C1760;C1800
C1761,support_watch,values_wishes,euclidean,5,M031;M047;M056;M057;M081,4,1,1,1,C1668;C1761;C1762;C1779
C1763,support_watch,values_wishes,euclidean,3,M035;M037;M038,5,1,1,2,C1577;C1696;C1710;C1763;C1778
C1765,support_watch,v1_markers,euclidean,7,M030;M047;M056;M057;M058;M060;M083,6,1,1,1,C1479;C1532;C1558;C1571;C1753;C1765
C1766,support_watch,v1_markers,euclidean,5,M032;M033;M036;M037;M038,2,1,1,1,C1766;C1817
C1768,support_watch,values_disclosure,euclidean,9,M002;M015;M022;M025;M050;M052;M079;M080;M083,2,1,1,1,C1439;C1768
C1769,support_watch,values_disclosure,euclidean,6,M034;M035;M036;M037;M038;M046,3,1,1,1,C1410;C1573;C1769
C1770,support_watch,values_owned,euclidean,6,M007;M032;M035;M036;M054;M055,5,1,1,1,C1597;C1598;C1648;C1736;C1770
C1772,support_watch,values_wishes,euclidean,5,M027;M034;M056;M057;M081,14,1,1,3,C1600;C1601;C1642;C1654;C1664;C1669;C1678;C1709;C1712;C1722;C1730;C1739;C1759;C1772
C1773,support_watch,freeflow_form,euclidean,9,M002;M009;M011;M016;M040;M053;M056;M057;M082,8,1,1,1,C1434;C1521;C1540;C1565;C1566;C1684;C1773;C1815
C1774,support_watch,values_owned,euclidean,10,M002;M015;M030;M035;M036;M037;M038;M044;M051;M077,1,1,1,1,C1774
C1776,support_watch,values_owned,euclidean,9,M011;M022;M024;M044;M056;M057;M078;M081;M082,11,1,1,1,C1414;C1428;C1536;C1584;C1628;C1662;C1663;C1706;C1737;C1746;C1776
C1777,support_watch,values_owned,euclidean,8,M044;M052;M058;M059;M078;M081;M082;M083,6,1,1,1,C1269;C1516;C1585;C1681;C1727;C1777
C1779,support_watch,values_wishes,euclidean,6,M031;M034;M047;M056;M057;M081,7,1,1,1,C1609;C1668;C1678;C1709;C1720;C1761;C1779
C1780,support_watch,v1_markers,euclidean,7,M015;M024;M025;M029;M038;M049;M073,6,1,1,1,C1310;C1391;C1544;C1689;C1752;C1780
C1781,support_watch,v1_markers,euclidean,4,M033;M072;M074;M075,2,1,1,1,C1625;C1781
C1783,support_watch,values_wishes,euclidean,7,M012;M013;M016;M021;M022;M024;M025,9,1,1,1,C1576;C1613;C1665;C1677;C1708;C1757;C1783;C1805;C1814
C1784,support_watch,values_wishes,euclidean,3,M049;M073;M078,2,1,1,1,C1418;C1784
C1786,support_watch,v1_markers,euclidean,8,M013;M015;M024;M025;M050;M051;M058;M076,2,1,1,1,C1556;C1786
C1787,support_watch,values_disclosure,euclidean,5,M029;M033;M053;M054;M075,3,1,1,1,C1572;C1787;C1788
C1789,support_watch,values_owned,euclidean,9,M003;M012;M013;M016;M017;M019;M022;M024;M052,2,1,1,1,C1574;C1789
C1790,support_watch,values_owned,euclidean,4,M005;M009;M010;M080,3,1,1,1,C1398;C1535;C1790
C1791,support_watch,values_wishes,euclidean,4,M013;M016;M022;M025,10,1,1,3,C1538;C1614;C1615;C1616;C1630;C1653;C1676;C1677;C1791;C1795
C1792,support_watch,v1_markers,euclidean,8,M012;M013;M016;M019;M025;M072;M073;M076,2,1,1,1,C1792;C1796
C1793,support_watch,v1_markers,euclidean,5,M029;M033;M035;M036;M038,1,1,1,1,C1793
C1794,watchlist,values_wishes,euclidean,4,M005;M027;M031;M039,9,1,1,3,C1610;C1612;C1639;C1718;C1719;C1728;C1729;C1747;C1794
C1795,watchlist,values_wishes,euclidean,3,M013;M016;M022,9,1,1,3,C1538;C1614;C1615;C1616;C1630;C1653;C1676;C1791;C1795
C1796,support_watch,v1_markers,euclidean,10,M012;M013;M016;M019;M024;M025;M050;M072;M073;M076,2,1,1,1,C1792;C1796
C1797,support_watch,values_disclosure,euclidean,5,M009;M010;M011;M054;M055,3,1,1,1,C1261;C1533;C1797
C1798,support_watch,values_disclosure,euclidean,3,M013;M021;M037,2,1,1,1,C1288;C1798
C1799,support_watch,values_disclosure,euclidean,3,M035;M036;M037,2,1,1,1,C1332;C1799
C1800,support_watch,values_wishes,euclidean,8,M029;M030;M032;M035;M037;M050;M053;M054,2,1,1,1,C1760;C1800
C1801,support_watch,freeflow_form,euclidean,7,M009;M012;M016;M032;M040;M053;M057,4,1,1,1,C1455;C1567;C1578;C1801
C1802,support_watch,values_disclosure,euclidean,8,M034;M038;M040;M046;M047;M049;M050;M078,3,1,1,1,C1425;C1691;C1802
C1803,support_watch,values_owned,euclidean,10,M003;M011;M012;M013;M016;M017;M019;M050;M051;M052,1,1,1,1,C1803
C1804,support_watch,values_owned,euclidean,4,M032;M035;M036;M055,3,1,1,1,C1693;C1736;C1804
C1806,support_watch,freeflow_form,euclidean,3,M035;M049;M059,2,1,1,1,C1551;C1806
C1807,support_watch,v1_markers,euclidean,5,M052;M056;M057;M060;M083,3,1,1,1,C1252;C1636;C1807
C1809,support_watch,values_disclosure,euclidean,3,M027;M035;M036,2,1,1,1,C1424;C1809
C1810,support_watch,values_disclosure,euclidean,6,M046;M049;M050;M059;M078;M082,5,1,1,1,C1626;C1671;C1717;C1755;C1810
C1811,support_watch,values_owned,euclidean,6,M003;M013;M021;M022;M024;M051,1,1,1,1,C1811
C1812,support_watch,values_wishes,euclidean,10,M005;M027;M031;M034;M039;M040;M055;M056;M057;M081,6,1,1,1,C1518;C1587;C1640;C1664;C1812;C1813
C1813,support_watch,values_wishes,euclidean,9,M005;M027;M031;M039;M040;M055;M056;M057;M081,8,1,1,1,C1518;C1586;C1587;C1640;C1673;C1683;C1812;C1813
C1814,support_watch,values_wishes,euclidean,10,M009;M011;M012;M013;M016;M021;M022;M024;M025;M050,6,1,1,1,C1665;C1708;C1757;C1783;C1805;C1814
C1815,support_watch,freeflow_form,euclidean,10,M002;M009;M011;M016;M030;M040;M053;M056;M057;M082,5,1,1,1,C1521;C1540;C1684;C1773;C1815
C1816,support_watch,v1_markers,euclidean,6,M003;M007;M009;M010;M011;M021,2,1,1,1,C1714;C1816
C1817,support_watch,v1_markers,euclidean,4,M032;M033;M037;M038,2,1,1,1,C1766;C1817
F0006,feature_flag,posture,single_feature,5,M019;M056;M058;M083;M060,1,1,1,1,F0006
F0007,feature_flag,values_disclosure,single_feature,3,M031;M055;M041,1,1,1,1,F0007
F0008,feature_flag,values_disclosure,single_feature,3,M013;M019;M017,1,1,1,1,F0008
F0009,feature_flag,freeflow_form,single_feature,3,M025;M046;M054,1,1,1,1,F0009
F0010,feature_flag,v1_markers,single_feature,3,M060;M079;M080,1,1,1,1,F0010
F0011,feature_flag,values_owned,single_feature,3,M033;M039;M028,2,1,1,1,F0011;F0055
F0012,feature_flag,values_wishes,single_feature,4,M032;M054;M029;M033,2,1,1,1,F0012;F0025
F0013,feature_flag,v1_markers,single_feature,3,M016;M019;M017,1,1,1,1,F0013
F0014,feature_flag,values_wishes,single_feature,5,M045;M012;M017;M075;M019,1,1,1,1,F0014
F0015,feature_flag,values_disclosure,single_feature,8,M041;M029;M039;M053;M019;M031;M033;M075,1,1,1,1,F0015
F0017,feature_flag,v1_markers,single_feature,4,M075;M080;M079;M010,1,1,1,1,F0017
F0018,feature_flag,values_owned,single_feature,8,M009;M013;M016;M011;M019;M010;M012;M017,1,1,1,1,F0018
F0020,feature_flag,values_disclosure,single_feature,4,M019;M024;M016;M055,1,1,1,1,F0020
F0021,feature_flag,v1_markers,single_feature,5,M012;M071;M019;M016;M017,1,1,1,1,F0021
F0023,feature_flag,posture,single_feature,3,M041;M019;M074,1,1,1,1,F0023
F0024,feature_flag,freeflow_form,single_feature,5,M022;M029;M024;M015;M034,1,1,1,1,F0024
F0025,feature_flag,values_wishes,single_feature,4,M033;M054;M032;M029,2,1,1,1,F0012;F0025
F0026,feature_flag,values_owned,single_feature,4,M039;M031;M010;M033,1,1,1,1,F0026
F0027,feature_flag,v1_markers,single_feature,5,M051;M029;M050;M025;M017,1,1,1,1,F0027
F0028,feature_flag,posture,single_feature,5,M039;M019;M033;M075;M029,1,1,1,1,F0028
F0029,feature_flag,values_disclosure,single_feature,7,M016;M033;M053;M024;M019;M075;M029,1,1,1,1,F0029
F0031,feature_flag,values_wishes,single_feature,3,M045;M017;M007,1,1,1,1,F0031
F0033,feature_flag,v1_markers,single_feature,3,M036;M035;M017,1,1,1,1,F0033
F0034,feature_flag,values_owned,single_feature,7,M003;M021;M017;M060;M019;M016;M012,1,1,1,1,F0034
F0036,feature_flag,values_disclosure,single_feature,7,M034;M050;M051;M049;M047;M046;M078,1,1,1,1,F0036
F0038,feature_flag,freeflow_form,single_feature,5,M040;M046;M030;M027;M028,1,1,1,1,F0038
F0039,feature_flag,values_wishes,single_feature,3,M013;M021;M010,1,1,1,1,F0039
F0040,feature_flag,v1_markers,single_feature,4,M050;M045;M016;M017,1,1,1,1,F0040
F0041,feature_flag,posture,single_feature,6,M073;M071;M076;M013;M017;M019,2,1,1,1,F0041;F0042
F0042,feature_flag,posture,single_feature,6,M073;M071;M076;M013;M017;M019,2,1,1,1,F0041;F0042
F0043,feature_flag,values_wishes,single_feature,3,M009;M021;M040,1,1,1,1,F0043
F0044,feature_flag,values_owned,single_feature,4,M029;M055;M021;M040,1,1,1,1,F0044
F0045,feature_flag,values_owned,single_feature,8,M019;M081;M047;M011;M050;M017;M049;M016,1,1,1,1,F0045
F0046,feature_flag,values_wishes,single_feature,4,M012;M040;M019;M017,1,1,1,1,F0046
F0047,feature_flag,values_wishes,single_feature,5,M027;M033;M028;M057;M058,1,1,1,1,F0047
F0048,feature_flag,values_owned,single_feature,5,M037;M021;M038;M030;M029,1,1,1,1,F0048
F0050,feature_flag,values_wishes,single_feature,7,M022;M011;M019;M017;M013;M021;M016,1,1,1,1,F0050
F0051,feature_flag,v1_markers,single_feature,4,M032;M074;M057;M037,1,1,1,1,F0051
F0053,feature_flag,values_wishes,single_feature,4,M017;M083;M059;M046,1,1,1,1,F0053
F0054,feature_flag,values_wishes,single_feature,8,M012;M021;M059;M011;M083;M046;M019;M017,1,1,1,1,F0054
F0055,feature_flag,values_owned,single_feature,3,M033;M028;M039,2,1,1,1,F0011;F0055
F0056,feature_flag,posture,single_feature,9,M034;M037;M005;M010;M030;M009;M019;M007;M017,1,1,1,1,F0056
F0058,feature_flag,v1_markers,single_feature,4,M037;M038;M015;M029,1,1,1,1,F0058
F0059,feature_flag,values_wishes,single_feature,7,M021;M054;M016;M011;M019;M028;M017,1,1,1,1,F0059
F0060,feature_flag,v1_markers,single_feature,8,M036;M032;M038;M075;M029;M074;M017;M037,1,1,1,1,F0060
F0061,feature_flag,values_owned,single_feature,9,M016;M021;M013;M017;M022;M081;M056;M011;M057,1,1,1,1,F0061
F0062,feature_flag,freeflow_form,single_feature,3,M028;M027;M030,1,1,1,1,F0062
F0063,feature_flag,posture,single_feature,6,M013;M016;M038;M036;M037;M034,2,1,1,1,F0063;F0064
F0064,feature_flag,posture,single_feature,6,M013;M016;M038;M036;M037;M034,2,1,1,1,F0063;F0064
F0067,feature_flag,values_owned,single_feature,5,M033;M039;M055;M028;M032,1,1,1,1,F0067
F0069,feature_flag,posture,single_feature,4,M029;M075;M017;M019,1,1,1,1,F0069
F0071,feature_flag,values_wishes,single_feature,7,M021;M019;M022;M034;M011;M017;M036,1,1,1,1,F0071
F0073,feature_flag,values_wishes,single_feature,4,M054;M021;M003;M009,1,1,1,1,F0073
F0074,feature_flag,values_owned,single_feature,3,M057;M022;M011,1,1,1,1,F0074
F0077,feature_flag,posture,single_feature,6,M056;M057;M058;M059;M060;M081,1,1,1,1,F0077
F0078,feature_flag,values_wishes,single_feature,9,M033;M028;M031;M039;M029;M056;M078;M004;M057,1,1,1,1,F0078
F0079,feature_flag,posture,single_feature,9,M029;M033;M041;M031;M045;M056;M028;M039;M049,1,1,1,1,F0079
F0083,feature_flag,values_owned,single_feature,3,M051;M030;M029,1,1,1,1,F0083
F0084,feature_flag,values_owned,single_feature,5,M057;M078;M028;M040;M056,1,1,1,1,F0084
F0087,feature_flag,values_owned,single_feature,6,M056;M057;M031;M028;M033;M078,1,1,1,1,F0087
F0088,feature_flag,values_owned,single_feature,8,M033;M039;M028;M029;M031;M027;M032;M041,1,1,1,1,F0088
F0090,feature_flag,values_wishes,single_feature,3,M060;M046;M058,1,1,1,1,F0090
F0092,feature_flag,values_owned,single_feature,10,M033;M028;M055;M031;M029;M045;M032;M039;M035;M041,1,1,1,1,F0092
F0095,feature_flag,values_wishes,single_feature,7,M049;M019;M021;M052;M050;M017;M045,1,1,1,1,F0095
F0096,feature_flag,values_owned,single_feature,7,M003;M051;M025;M012;M016;M021;M017,1,1,1,1,F0096
F0099,feature_flag,v1_markers,single_feature,4,M078;M077;M005;M083,1,1,1,1,F0099
F0100,feature_flag,v1_markers,single_feature,3,M059;M043;M050,1,1,1,1,F0100
